drug_normalized,ae_term,report_count,drug_total_reports,prr
alirocumab,MYALGIA,1655,42209,12.0835
alirocumab,PRODUCT DOSE OMISSION,1364,42209,24.7879
alirocumab,INJECTION SITE PAIN,1278,42209,5.2875
alirocumab,MUSCLE SPASMS,1162,42209,7.8363
alirocumab,ARTHRALGIA,1053,42209,3.151
alirocumab,FATIGUE,1018,42209,1.618
alirocumab,PAIN,945,42209,1.8819
alirocumab,PAIN IN EXTREMITY,935,42209,3.8841
alirocumab,PRODUCT DOSE OMISSION ISSUE,909,42209,4.2762
alirocumab,INJECTION SITE BRUISING,838,42209,13.412
alirocumab,INFLUENZA LIKE ILLNESS,802,42209,11.9761
alirocumab,DIARRHOEA,797,42209,1.5398
alirocumab,HEADACHE,797,42209,1.5674
alirocumab,DEVICE ISSUE,788,42209,11.5351
alirocumab,COUGH,702,42209,3.1113
alirocumab,INJECTION SITE ERYTHEMA,699,42209,7.0423
alirocumab,DYSPNOEA,696,42209,1.5157
alirocumab,PRURITUS,691,42209,2.3113
alirocumab,INJECTION SITE HAEMORRHAGE,679,42209,10.6837
alirocumab,RASH,667,42209,1.9125
alirocumab,DIZZINESS,623,42209,1.5416
alirocumab,MALAISE,610,42209,1.6994
alirocumab,NASOPHARYNGITIS,580,42209,3.8946
alirocumab,RHINORRHOEA,532,42209,10.3199
alirocumab,BACK PAIN,516,42209,2.7292
alirocumab,ASTHENIA,484,42209,1.5829
alirocumab,CONDITION AGGRAVATED,477,42209,1.9702
alirocumab,DEVICE USE ISSUE,472,42209,35.392
alirocumab,INJECTION SITE SWELLING,471,42209,7.8038
alirocumab,PRODUCT USE ISSUE,425,42209,2.8462
alirocumab,FEELING ABNORMAL,415,42209,2.1052
alirocumab,INJECTION SITE PRURITUS,415,42209,7.793
alirocumab,MYOCARDIAL INFARCTION,414,42209,2.8557
alirocumab,PRODUCT PREPARATION ERROR,407,42209,24.5876
alirocumab,PRODUCT STORAGE ERROR,351,42209,5.123
alirocumab,DRUG DOSE OMISSION,342,42209,2.4374
alirocumab,INCORRECT DOSE ADMINISTERED,331,42209,1.8537
alirocumab,INJURY ASSOCIATED WITH DEVICE,329,42209,20.8303
alirocumab,GAIT DISTURBANCE,324,42209,2.0668
alirocumab,BLOOD CHOLESTEROL INCREASED,319,42209,8.4553
alirocumab,MUSCULAR WEAKNESS,317,42209,3.4354
alirocumab,INJECTION SITE MASS,300,42209,10.1456
alirocumab,CHEST PAIN,298,42209,1.9681
alirocumab,OROPHARYNGEAL PAIN,294,42209,3.9167
alirocumab,CHEST DISCOMFORT,289,42209,3.516
aliskiren,NAUSEA,628,26140,1.5892
aliskiren,BLOOD PRESSURE INCREASED,593,26140,7.7074
aliskiren,HEADACHE,581,26140,1.8449
aliskiren,FALL,561,26140,3.3599
aliskiren,ASTHENIA,560,26140,2.9588
aliskiren,DIZZINESS,525,26140,2.098
aliskiren,DYSPNOEA,515,26140,1.8109
aliskiren,COUGH,510,26140,3.6484
aliskiren,MALAISE,498,26140,2.2403
aliskiren,VOMITING,443,26140,1.8894
aliskiren,PYREXIA,400,26140,2.2917
aliskiren,CEREBROVASCULAR ACCIDENT,386,26140,4.4843
aliskiren,HYPERTENSION,337,26140,3.1627
aliskiren,PRURITUS,333,26140,1.7973
aliskiren,ANXIETY,314,26140,2.1771
aliskiren,ARTHRALGIA,312,26140,1.5052
aliskiren,CONFUSIONAL STATE,301,26140,3.6869
aliskiren,INSOMNIA,292,26140,2.167
aliskiren,DYSPHAGIA,277,26140,5.8595
aliskiren,MUSCULAR WEAKNESS,277,26140,4.8471
aliskiren,MYALGIA,276,26140,3.2274
aliskiren,SYNCOPE,275,26140,5.4574
aliskiren,DYSARTHRIA,273,26140,14.4805
aliskiren,DECREASED APPETITE,271,26140,2.3413
aliskiren,ABDOMINAL PAIN,264,26140,2.2666
aliskiren,TACHYCARDIA,263,26140,5.8968
aliskiren,SOMNOLENCE,259,26140,2.5617
aliskiren,APHASIA,251,26140,16.57
aliskiren,HEMIPARESIS,251,26140,29.5538
aliskiren,PNEUMONIA,248,26140,1.5335
aliskiren,COORDINATION ABNORMAL,246,26140,34.9845
aliskiren,EATING DISORDER,245,26140,22.8952
aliskiren,AFFECT LABILITY,243,26140,50.8079
aliskiren,OEDEMA PERIPHERAL,243,26140,3.9188
aliskiren,MUSCLE SPASTICITY,242,26140,38.9143
aliskiren,SEPSIS,242,26140,4.3141
aliskiren,MOTOR DYSFUNCTION,241,26140,48.5496
aliskiren,CHILLS,238,26140,4.0192
aliskiren,CARDIO-RESPIRATORY ARREST,235,26140,11.07
aspirin,FATIGUE,32879,983167,2.2999
aspirin,NAUSEA,27990,983167,1.9168
aspirin,DYSPNOEA,27803,983167,2.6847
aspirin,DIARRHOEA,27117,983167,2.3062
aspirin,DIZZINESS,23235,983167,2.5424
aspirin,HEADACHE,20940,983167,1.7948
aspirin,ASTHENIA,19277,983167,2.8015
aspirin,FALL,19049,983167,3.1587
aspirin,PAIN,18837,983167,1.6293
aspirin,VOMITING,16485,983167,1.9017
aspirin,PNEUMONIA,16123,983167,2.7411
aspirin,MYOCARDIAL INFARCTION,15212,983167,4.8388
aspirin,ARTHRALGIA,14539,983167,1.8974
aspirin,MALAISE,13920,983167,1.6864
aspirin,PRURITUS,13819,983167,2.0222
aspirin,GASTROINTESTINAL HAEMORRHAGE,13725,983167,10.0373
aspirin,WEIGHT DECREASED,13383,983167,2.6139
aspirin,PAIN IN EXTREMITY,13209,983167,2.4157
aspirin,COUGH,12931,983167,2.5303
aspirin,RASH,12583,983167,1.565
aspirin,CHEST PAIN,12472,983167,3.7233
aspirin,ANAEMIA,12052,983167,3.4871
aspirin,FLUSHING,11752,983167,6.7152
aspirin,CONSTIPATION,11529,983167,2.9655
aspirin,HYPOTENSION,11402,983167,3.1333
aspirin,CEREBROVASCULAR ACCIDENT,11355,983167,3.6867
aspirin,ACUTE KIDNEY INJURY,11189,983167,4.1588
aspirin,PYREXIA,11160,983167,1.7231
aspirin,HYPERTENSION,10926,983167,2.8212
aspirin,BACK PAIN,10809,983167,2.5246
aspirin,DECREASED APPETITE,10243,983167,2.4169
aspirin,INSOMNIA,10204,983167,2.054
aspirin,RENAL FAILURE,9569,983167,3.9456
aspirin,ANXIETY,9260,983167,1.7306
aspirin,URINARY TRACT INFECTION,8608,983167,2.7766
aspirin,CONDITION AGGRAVATED,8607,983167,1.5413
aspirin,ABDOMINAL PAIN,8562,983167,1.9914
aspirin,GAIT DISTURBANCE,8437,983167,2.371
aspirin,ABDOMINAL PAIN UPPER,8430,983167,2.235
aspirin,MUSCLE SPASMS,8420,983167,2.4953
aspirin,CHRONIC KIDNEY DISEASE,8361,983167,6.2587
aspirin,CARDIAC FAILURE CONGESTIVE,8221,983167,5.7452
aspirin,BLOOD PRESSURE INCREASED,8194,983167,2.9292
aspirin,MYALGIA,8158,983167,2.6141
aspirin,ATRIAL FIBRILLATION,8142,983167,4.7346
aspirin,PRODUCT USE IN UNAPPROVED INDICATION,8088,983167,1.8234
aspirin,FEELING ABNORMAL,8015,983167,1.7704
atenolol,NAUSEA,8141,255753,2.1171
atenolol,FATIGUE,7629,255753,2.0105
atenolol,DIARRHOEA,7051,255753,2.2618
atenolol,DYSPNOEA,6322,255753,2.2862
atenolol,DIZZINESS,6304,255753,2.5944
atenolol,HEADACHE,5951,255753,1.9398
atenolol,PAIN,5688,255753,1.8764
atenolol,ASTHENIA,5003,255753,2.7229
atenolol,FALL,4684,255753,2.8915
atenolol,ARTHRALGIA,4616,255753,2.2906
atenolol,MALAISE,4280,255753,1.9765
atenolol,VOMITING,4223,255753,1.848
atenolol,HYPERTENSION,4097,255753,3.9857
atenolol,PAIN IN EXTREMITY,3772,255753,2.6009
atenolol,HYPOTENSION,3723,255753,3.8288
atenolol,WEIGHT DECREASED,3469,255753,2.5442
atenolol,RASH,3267,255753,1.5492
atenolol,ANXIETY,3146,255753,2.2422
atenolol,PNEUMONIA,3111,255753,1.9755
atenolol,PRURITUS,3086,255753,1.7078
atenolol,BLOOD PRESSURE INCREASED,3037,255753,4.084
atenolol,COUGH,3036,255753,2.2307
atenolol,CHEST PAIN,3021,255753,3.3294
atenolol,INSOMNIA,2999,255753,2.2884
atenolol,BACK PAIN,2896,255753,2.5443
atenolol,DRUG INTERACTION,2751,255753,3.5613
atenolol,DEPRESSION,2720,255753,2.4128
atenolol,RENAL FAILURE,2710,255753,4.1245
atenolol,MYOCARDIAL INFARCTION,2703,255753,3.1055
atenolol,PYREXIA,2588,255753,1.5185
atenolol,ACUTE KIDNEY INJURY,2572,255753,3.5037
atenolol,ABDOMINAL PAIN,2525,255753,2.2283
atenolol,FEELING ABNORMAL,2483,255753,2.0884
atenolol,ANAEMIA,2471,255753,2.6418
atenolol,DECREASED APPETITE,2403,255753,2.1327
atenolol,CONFUSIONAL STATE,2370,255753,2.9932
atenolol,CONSTIPATION,2348,255753,2.2493
atenolol,OEDEMA PERIPHERAL,2339,255753,3.9069
atenolol,MYALGIA,2338,255753,2.8171
atenolol,GAIT DISTURBANCE,2331,255753,2.4703
atenolol,CONDITION AGGRAVATED,2288,255753,1.5629
atenolol,CEREBROVASCULAR ACCIDENT,2247,255753,2.6863
atenolol,ABDOMINAL PAIN UPPER,2226,255753,2.2286
atenolol,BRADYCARDIA,2210,255753,8.7191
atenolol,URINARY TRACT INFECTION,2196,255753,2.6531
atenolol,ATRIAL FIBRILLATION,2158,255753,4.5752
atenolol,MUSCLE SPASMS,2141,255753,2.386
atorvastatin,FATIGUE,13959,451703,2.0927
atorvastatin,NAUSEA,12579,451703,1.8559
atorvastatin,TYPE 2 DIABETES MELLITUS,11265,451703,57.8891
atorvastatin,DYSPNOEA,11153,451703,2.2952
atorvastatin,DIARRHOEA,11146,451703,2.0301
atorvastatin,PAIN,10164,451703,1.9055
atorvastatin,DIZZINESS,9877,451703,2.3099
atorvastatin,MYALGIA,9873,451703,7.0389
atorvastatin,HEADACHE,9764,451703,1.8065
atorvastatin,ASTHENIA,8951,451703,2.7782
atorvastatin,ARTHRALGIA,8599,451703,2.4312
atorvastatin,PAIN IN EXTREMITY,8255,451703,3.2622
atorvastatin,FALL,7939,451703,2.7929
atorvastatin,MALAISE,7039,451703,1.8454
atorvastatin,WEIGHT DECREASED,6856,451703,2.8726
atorvastatin,MYOCARDIAL INFARCTION,6732,451703,4.4688
atorvastatin,VOMITING,6399,451703,1.587
atorvastatin,PNEUMONIA,6079,451703,2.1983
atorvastatin,COUGH,5988,451703,2.5094
atorvastatin,DRUG HYPERSENSITIVITY,5900,451703,3.5422
atorvastatin,MUSCLE SPASMS,5652,451703,3.6256
atorvastatin,PRURITUS,5626,451703,1.7687
atorvastatin,BACK PAIN,5445,451703,2.7294
atorvastatin,CEREBROVASCULAR ACCIDENT,5386,451703,3.703
atorvastatin,HYPERTENSION,5265,451703,2.9056
atorvastatin,CHEST PAIN,5180,451703,3.2596
atorvastatin,INSOMNIA,5055,451703,2.1931
atorvastatin,ANXIETY,4767,451703,1.9276
atorvastatin,PYREXIA,4632,451703,1.5422
atorvastatin,CONSTIPATION,4617,451703,2.5227
atorvastatin,DECREASED APPETITE,4490,451703,2.2691
atorvastatin,GAIT DISTURBANCE,4413,451703,2.6679
atorvastatin,BLOOD GLUCOSE INCREASED,4385,451703,2.6871
atorvastatin,MUSCULAR WEAKNESS,4298,451703,4.4807
atorvastatin,RENAL FAILURE,4240,451703,3.6836
atorvastatin,BLOOD PRESSURE INCREASED,4162,451703,3.1812
atorvastatin,DEPRESSION,4092,451703,2.06
atorvastatin,WEIGHT INCREASED,3999,451703,2.0995
atorvastatin,FEELING ABNORMAL,3937,451703,1.8793
atorvastatin,HYPOTENSION,3912,451703,2.2712
atorvastatin,ANAEMIA,3708,451703,2.2511
atorvastatin,ABDOMINAL PAIN UPPER,3692,451703,2.1005
atorvastatin,OEDEMA PERIPHERAL,3615,451703,3.4432
atorvastatin,ABDOMINAL PAIN,3588,451703,1.7944
atorvastatin,URINARY TRACT INFECTION,3450,451703,2.3692
cangrelor,OFF LABEL USE,148,720,12.5495
cangrelor,DRUG INEFFECTIVE,29,720,1.59
cangrelor,HAEMORRHAGE,26,720,17.939
cangrelor,DEATH,21,720,1.7609
cangrelor,NO ADVERSE EVENT,19,720,7.8099
cangrelor,CARDIAC ARREST,18,720,15.6276
cangrelor,INAPPROPRIATE SCHEDULE OF PRODUCT ADMINISTRATION,18,720,7.6213
cangrelor,CARDIOGENIC SHOCK,15,720,76.7639
cangrelor,GASTROINTESTINAL HAEMORRHAGE,14,720,11.8648
cangrelor,LABELLED DRUG-DRUG INTERACTION MEDICATION ERROR,12,720,95.1091
cangrelor,INTENTIONAL PRODUCT USE ISSUE,11,720,9.079
cangrelor,HAEMORRHAGE INTRACRANIAL,10,720,47.5469
cangrelor,CARDIAC FAILURE,9,720,8.074
cangrelor,CEREBRAL HAEMORRHAGE,9,720,18.1096
cangrelor,DRUG INEFFECTIVE FOR UNAPPROVED INDICATION,9,720,11.5449
cangrelor,EOSINOPHILIA,8,720,33.2229
cangrelor,THROMBOSIS,8,720,7.1157
cangrelor,CEREBROVASCULAR ACCIDENT,7,720,2.9471
cangrelor,HYPOTENSION,7,720,2.5206
cangrelor,MYOCARDIAL INFARCTION,7,720,2.8263
cangrelor,THROMBOCYTOPENIA,7,720,4.546
cangrelor,VENTRICULAR FIBRILLATION,7,720,45.3727
cangrelor,INCORRECT DOSE ADMINISTERED,6,720,1.9685
cangrelor,INCORRECT PRODUCT ADMINISTRATION DURATION,6,720,21.4574
cangrelor,STEVENS-JOHNSON SYNDROME,6,720,19.246
cangrelor,CHEST PAIN,5,720,1.9342
cangrelor,DRUG INTERACTION,5,720,2.2694
cangrelor,HAEMATOMA,5,720,13.7416
cangrelor,HAEMOGLOBIN DECREASED,5,720,3.483
cangrelor,ILL-DEFINED DISORDER,5,720,5.9197
cangrelor,PRODUCT PREPARATION ERROR,5,720,17.3646
cangrelor,VENTRICULAR TACHYCARDIA,5,720,21.7426
cholecalciferol,FEMUR FRACTURE,1407,21736,112.6081
cholecalciferol,FALL,822,21736,5.9259
cholecalciferol,OSTEOARTHRITIS,654,21736,37.2846
cholecalciferol,HYPERTENSION,559,21736,6.3166
cholecalciferol,ARTHRALGIA,480,21736,2.7863
cholecalciferol,GASTROOESOPHAGEAL REFLUX DISEASE,442,21736,13.3428
cholecalciferol,OSTEOPOROSIS,434,21736,25.2865
cholecalciferol,ANXIETY,414,21736,3.4536
cholecalciferol,DEPRESSION,414,21736,4.2962
cholecalciferol,PAIN IN EXTREMITY,403,21736,3.2462
cholecalciferol,BACK PAIN,402,21736,4.1285
cholecalciferol,HYPERLIPIDAEMIA,306,21736,62.1641
cholecalciferol,IMPAIRED HEALING,266,21736,19.5175
cholecalciferol,OSTEOPENIA,263,21736,41.5073
cholecalciferol,ANAEMIA,261,21736,3.259
cholecalciferol,VITAMIN D DEFICIENCY,261,21736,66.1429
cholecalciferol,TOOTH DISORDER,259,21736,27.7345
cholecalciferol,ARTHRITIS,252,21736,7.6462
cholecalciferol,FOOT FRACTURE,232,21736,29.327
cholecalciferol,BURSITIS,229,21736,46.8835
cholecalciferol,CONSTIPATION,225,21736,2.5217
cholecalciferol,BLOOD CHOLESTEROL INCREASED,224,21736,11.5097
cholecalciferol,URINARY TRACT INFECTION,224,21736,3.1604
cholecalciferol,BONE DISORDER,216,21736,28.0305
cholecalciferol,INTERVERTEBRAL DISC DEGENERATION,215,21736,55.7572
cholecalciferol,ADVERSE EVENT,202,21736,5.2342
cholecalciferol,HYPERCHOLESTEROLAEMIA,201,21736,52.2034
cholecalciferol,HYPOTHYROIDISM,201,21736,15.2563
cholecalciferol,OSTEONECROSIS OF JAW,190,21736,18.1106
cholecalciferol,CHEST PAIN,188,21736,2.4105
cholecalciferol,ARTHROPATHY,185,21736,7.9066
cholecalciferol,OSTEONECROSIS,184,21736,13.0859
cholecalciferol,INSOMNIA,174,21736,1.5523
cholecalciferol,OEDEMA PERIPHERAL,172,21736,3.3341
cholecalciferol,GAIT DISTURBANCE,170,21736,2.1049
cholecalciferol,CATARACT,169,21736,6.872
cilostazol,DIARRHOEA,302,9564,2.5746
cilostazol,FALL,231,9564,3.7786
cilostazol,PNEUMONIA,230,9564,3.8882
cilostazol,DYSPNOEA,209,9564,2.0082
cilostazol,ANAEMIA,191,9564,5.4196
cilostazol,ASTHENIA,185,9564,2.6697
cilostazol,DIZZINESS,181,9564,1.9761
cilostazol,VOMITING,179,9564,2.086
cilostazol,PAIN IN EXTREMITY,170,9564,3.1103
cilostazol,RENAL FAILURE,159,9564,6.3755
cilostazol,DECREASED APPETITE,149,9564,3.5175
cilostazol,ACUTE KIDNEY INJURY,143,9564,5.1471
cilostazol,MALAISE,142,9564,1.7451
cilostazol,DRUG INTERACTION,141,9564,4.8213
cilostazol,CHRONIC KIDNEY DISEASE,137,9564,9.5659
cilostazol,GASTROINTESTINAL HAEMORRHAGE,130,9564,8.3044
cilostazol,PYREXIA,126,9564,1.972
cilostazol,HYPOTENSION,125,9564,3.3899
cilostazol,WEIGHT DECREASED,124,9564,2.4134
cilostazol,CEREBRAL INFARCTION,114,9564,25.2778
cilostazol,HYPERTENSION,113,9564,2.8963
cilostazol,MYOCARDIAL INFARCTION,111,9564,3.3754
cilostazol,PRURITUS,108,9564,1.5927
cilostazol,URINARY TRACT INFECTION,102,9564,3.269
cilostazol,DEHYDRATION,99,9564,4.0263
cilostazol,CONSTIPATION,98,9564,2.4952
cilostazol,CARDIAC FAILURE,97,9564,6.5574
cilostazol,RENAL IMPAIRMENT,96,9564,6.2667
cilostazol,CONDITION AGGRAVATED,93,9564,1.6941
cilostazol,GAIT DISTURBANCE,93,9564,2.6166
cilostazol,CEREBROVASCULAR ACCIDENT,91,9564,2.8852
cilostazol,ATRIAL FIBRILLATION,89,9564,4.9585
cilostazol,BLOOD GLUCOSE INCREASED,88,9564,2.5092
cilostazol,CARDIAC FAILURE CONGESTIVE,88,9564,5.7855
cilostazol,CHEST PAIN,88,9564,2.5636
cilostazol,LOSS OF CONSCIOUSNESS,83,9564,3.5109
cilostazol,COUGH,82,9564,1.6012
cilostazol,BACK PAIN,79,9564,1.8417
cilostazol,HAEMOGLOBIN DECREASED,79,9564,4.1452
cilostazol,INTERSTITIAL LUNG DISEASE,79,9564,8.9551
clopidogrel,DYSPNOEA,10660,358973,2.7631
clopidogrel,MYOCARDIAL INFARCTION,10151,358973,8.6753
clopidogrel,FATIGUE,9172,358973,1.7222
clopidogrel,GASTROINTESTINAL HAEMORRHAGE,8668,358973,16.3641
clopidogrel,NAUSEA,8463,358973,1.5654
clopidogrel,DIZZINESS,8287,358973,2.435
clopidogrel,DIARRHOEA,7921,358973,1.8091
clopidogrel,ASTHENIA,7281,358973,2.8355
clopidogrel,FALL,7037,358973,3.1118
clopidogrel,CEREBROVASCULAR ACCIDENT,6738,358973,5.8904
clopidogrel,ANAEMIA,6618,358973,5.1484
clopidogrel,CHEST PAIN,5698,358973,4.5338
clopidogrel,DRUG INTERACTION,5397,358973,5.0568
clopidogrel,VOMITING,5274,358973,1.6448
clopidogrel,MALAISE,5260,358973,1.7311
clopidogrel,ACUTE KIDNEY INJURY,5179,358973,5.1096
clopidogrel,HYPOTENSION,5041,358973,3.7118
clopidogrel,PNEUMONIA,4898,358973,2.2243
clopidogrel,PAIN IN EXTREMITY,4393,358973,2.1584
clopidogrel,PRURITUS,4332,358973,1.7106
clopidogrel,WEIGHT DECREASED,4224,358973,2.2089
clopidogrel,RENAL FAILURE,4222,358973,4.6235
clopidogrel,HAEMORRHAGE,4148,358973,5.9435
clopidogrel,COUGH,3791,358973,1.9861
clopidogrel,HYPERTENSION,3731,358973,2.5758
clopidogrel,CHRONIC KIDNEY DISEASE,3491,358973,6.7526
clopidogrel,CARDIAC FAILURE CONGESTIVE,3388,358973,6.1491
clopidogrel,BACK PAIN,3375,358973,2.1127
clopidogrel,DECREASED APPETITE,3304,358973,2.0935
clopidogrel,ACUTE MYOCARDIAL INFARCTION,3250,358973,17.6112
clopidogrel,CORONARY ARTERY DISEASE,3230,358973,16.7423
clopidogrel,CONFUSIONAL STATE,3223,358973,2.9102
clopidogrel,ABDOMINAL PAIN,3214,358973,2.0229
clopidogrel,MYALGIA,3153,358973,2.7148
clopidogrel,EPISTAXIS,3152,358973,6.3104
clopidogrel,HAEMOGLOBIN DECREASED,3128,358973,4.4799
clopidogrel,CONTUSION,3086,358973,4.7735
clopidogrel,ATRIAL FIBRILLATION,3009,358973,4.5782
clopidogrel,CONSTIPATION,2989,358973,2.0423
clopidogrel,ANXIETY,2977,358973,1.5076
clopidogrel,OEDEMA PERIPHERAL,2893,358973,3.4521
colchicine,DIARRHOEA,2691,65807,3.3435
colchicine,OFF LABEL USE,2269,65807,2.1078
colchicine,NAUSEA,1949,65807,1.961
colchicine,FATIGUE,1748,65807,1.7829
colchicine,DYSPNOEA,1469,65807,2.0538
colchicine,ACUTE KIDNEY INJURY,1443,65807,7.6084
colchicine,ARTHRALGIA,1431,65807,2.7479
colchicine,HEADACHE,1325,65807,1.672
colchicine,GOUT,1275,65807,60.3732
colchicine,VOMITING,1270,65807,2.1538
colchicine,PAIN,1233,65807,1.575
colchicine,TOXICITY TO VARIOUS AGENTS,1190,65807,5.6989
colchicine,DRUG INTERACTION,1125,65807,5.6207
colchicine,RENAL FAILURE,1043,65807,6.1129
colchicine,RASH,1033,65807,1.9006
colchicine,PYREXIA,939,65807,2.1387
colchicine,ASTHENIA,933,65807,1.9586
colchicine,CONDITION AGGRAVATED,896,65807,2.3761
colchicine,CHRONIC KIDNEY DISEASE,892,65807,9.1342
colchicine,MALAISE,883,65807,1.5781
colchicine,PNEUMONIA,807,65807,1.9842
colchicine,ABDOMINAL PAIN,803,65807,2.7431
colchicine,PAIN IN EXTREMITY,743,65807,1.9774
colchicine,COUGH,723,65807,2.0545
colchicine,HYPOTENSION,713,65807,2.8157
colchicine,DRUG HYPERSENSITIVITY,708,65807,2.8588
colchicine,DRUG INTOLERANCE,707,65807,5.8728
colchicine,WEIGHT DECREASED,686,65807,1.9424
colchicine,FALL,681,65807,1.6194
colchicine,CHEST PAIN,649,65807,2.7533
colchicine,HYPERTENSION,637,65807,2.3763
colchicine,ANAEMIA,595,65807,2.4563
colchicine,PERIPHERAL SWELLING,592,65807,3.0773
colchicine,BACK PAIN,589,65807,1.9979
colchicine,DECREASED APPETITE,573,65807,1.9675
colchicine,MYALGIA,553,65807,2.5709
colchicine,ERYTHEMA,550,65807,2.1203
colchicine,RHABDOMYOLYSIS,534,65807,10.2583
colchicine,ABDOMINAL DISCOMFORT,532,65807,2.5303
colchicine,OVERDOSE,518,65807,1.871
colchicine,OEDEMA PERIPHERAL,492,65807,3.1559
colchicine,THROMBOCYTOPENIA,489,65807,3.4858
colchicine,DEHYDRATION,469,65807,2.777
colchicine,ABDOMINAL PAIN UPPER,467,65807,1.8076
colchicine,PRODUCT USE IN UNAPPROVED INDICATION,465,65807,1.5423
dabigatran,GASTROINTESTINAL HAEMORRHAGE,8316,112513,50.0975
dabigatran,CEREBROVASCULAR ACCIDENT,4066,112513,11.2071
dabigatran,FALL,3290,112513,4.6095
dabigatran,HAEMORRHAGE,3266,112513,14.8686
dabigatran,ANAEMIA,2855,112513,6.9732
dabigatran,DYSPNOEA,2302,112513,1.8836
dabigatran,ISCHAEMIC STROKE,2292,112513,67.9316
dabigatran,DIZZINESS,2228,112513,2.0723
dabigatran,RECTAL HAEMORRHAGE,2128,112513,23.8516
dabigatran,ATRIAL FIBRILLATION,2039,112513,9.842
dabigatran,ASTHENIA,1793,112513,2.2047
dabigatran,DYSPEPSIA,1612,112513,7.7526
dabigatran,DRUG INTERACTION,1610,112513,4.7154
dabigatran,CEREBRAL HAEMORRHAGE,1454,112513,19.5005
dabigatran,MELAENA,1444,112513,32.1164
dabigatran,COAGULOPATHY,1378,112513,41.5904
dabigatran,HYPOTENSION,1377,112513,3.1886
dabigatran,EPISTAXIS,1354,112513,8.4703
dabigatran,HAEMATURIA,1343,112513,18.647
dabigatran,UPPER GASTROINTESTINAL HAEMORRHAGE,1301,112513,38.3051
dabigatran,CONTUSION,1279,112513,6.2173
dabigatran,PNEUMONIA,1246,112513,1.7927
dabigatran,HAEMORRHAGE INTRACRANIAL,1238,112513,41.0507
dabigatran,ACUTE KIDNEY INJURY,1188,112513,3.6537
dabigatran,PULMONARY EMBOLISM,1150,112513,5.5785
dabigatran,HAEMOGLOBIN DECREASED,1128,112513,5.0744
dabigatran,RENAL FAILURE ACUTE,1063,112513,11.3294
dabigatran,RENAL FAILURE,1046,112513,3.5823
dabigatran,DEEP VEIN THROMBOSIS,1039,112513,7.3715
dabigatran,CHEST PAIN,1031,112513,2.5613
dabigatran,ABDOMINAL PAIN UPPER,1011,112513,2.2931
dabigatran,HAEMATOCHEZIA,1008,112513,8.6506
dabigatran,TRANSIENT ISCHAEMIC ATTACK,977,112513,13.5841
dabigatran,ABDOMINAL DISCOMFORT,953,112513,2.6557
dabigatran,SUBDURAL HAEMATOMA,893,112513,30.4598
dabigatran,INTERNATIONAL NORMALISED RATIO INCREASED,886,112513,14.3235
dabigatran,MYOCARDIAL INFARCTION,882,112513,2.2854
dabigatran,CARDIAC FAILURE,878,112513,5.0865
dipyridamole,FALL,551,12076,7.145
dipyridamole,HYPOTENSION,536,12076,11.5365
dipyridamole,PAIN,521,12076,3.6261
dipyridamole,COGNITIVE DISORDER,498,12076,46.6416
dipyridamole,DEPRESSED LEVEL OF CONSCIOUSNESS,471,12076,52.0428
dipyridamole,CONSTIPATION,468,12076,9.4538
dipyridamole,BALANCE DISORDER,465,12076,23.1233
dipyridamole,ORTHOSTATIC HYPOTENSION,464,12076,117.228
dipyridamole,BLOOD CALCIUM DECREASED,441,12076,173.6634
dipyridamole,MOBILITY DECREASED,440,12076,26.6906
dipyridamole,SEDATION,434,12076,73.4503
dipyridamole,TOXICITY TO VARIOUS AGENTS,385,12076,10.0072
dipyridamole,DYSPNOEA,248,12076,1.8873
dipyridamole,DRUG INTERACTION,197,12076,5.3366
dipyridamole,CEREBROVASCULAR ACCIDENT,148,12076,3.7174
dipyridamole,PRODUCT USE IN UNAPPROVED INDICATION,104,12076,1.8788
dipyridamole,GASTROINTESTINAL HAEMORRHAGE,83,12076,4.1965
dipyridamole,CONFUSIONAL STATE,79,12076,2.0922
dipyridamole,MYALGIA,77,12076,1.9472
dipyridamole,TRANSIENT ISCHAEMIC ATTACK,77,12076,9.7194
dipyridamole,RENAL FAILURE,74,12076,2.3483
dipyridamole,CEREBRAL HAEMORRHAGE,66,12076,7.9294
dipyridamole,ACUTE KIDNEY INJURY,62,12076,1.7663
dipyridamole,ATRIAL FIBRILLATION,58,12076,2.5582
dipyridamole,LOSS OF CONSCIOUSNESS,57,12076,1.9091
dipyridamole,DRUG ABUSE,56,12076,2.8657
evolocumab,DEVICE DIFFICULT TO USE,32421,266603,192.2588
evolocumab,DRUG DOSE OMISSION BY DEVICE,24327,266603,96.5315
evolocumab,WRONG TECHNIQUE IN PRODUCT USAGE PROCESS,21878,266603,23.6927
evolocumab,ACCIDENTAL EXPOSURE TO PRODUCT,16287,266603,40.2583
evolocumab,INJECTION SITE PAIN,10340,266603,6.964
evolocumab,PRODUCT STORAGE ERROR,6630,266603,16.5377
evolocumab,BACK PAIN,5430,266603,4.6286
evolocumab,MYALGIA,5267,266603,6.1996
evolocumab,DRUG DOSE OMISSION,4929,266603,5.6945
evolocumab,INJECTION SITE BRUISING,4556,266603,12.1037
evolocumab,DEVICE USE ERROR,4051,266603,26.8324
evolocumab,ARTHRALGIA,3922,266603,1.8633
evolocumab,INJECTION SITE HAEMORRHAGE,3829,266603,9.9124
evolocumab,RHINORRHOEA,3535,266603,11.3697
evolocumab,PAIN IN EXTREMITY,3373,266603,2.2275
evolocumab,MUSCLE SPASMS,3171,266603,3.4096
evolocumab,INFLUENZA LIKE ILLNESS,3103,266603,7.5223
evolocumab,INCORRECT DOSE ADMINISTERED BY DEVICE,2889,266603,26.3726
evolocumab,CIRCUMSTANCE OR INFORMATION CAPABLE OF LEADING TO MEDICATION ERROR,2875,266603,18.3027
evolocumab,PRODUCT PREPARATION ERROR,2816,266603,30.5905
evolocumab,NASOPHARYNGITIS,2503,266603,2.6783
evolocumab,COUGH,2179,266603,1.5306
evolocumab,INJECTION SITE SWELLING,1996,266603,5.3264
evolocumab,INJECTION SITE ERYTHEMA,1838,266603,2.9472
evolocumab,DEVICE ISSUE,1693,266603,3.9504
evolocumab,BLOOD GLUCOSE INCREASED,1684,266603,1.7288
evolocumab,OROPHARYNGEAL PAIN,1460,266603,3.1065
evolocumab,UNDERDOSE,1420,266603,3.8539
evolocumab,INJURY ASSOCIATED WITH DEVICE,1372,266603,14.5037
evolocumab,INJECTION SITE MASS,1296,266603,7.1111
ezetimibe,FATIGUE,5422,161861,2.2553
ezetimibe,NAUSEA,5177,161861,2.1228
ezetimibe,MYALGIA,4874,161861,9.446
ezetimibe,DIARRHOEA,4261,161861,2.1538
ezetimibe,DIZZINESS,4064,161861,2.6352
ezetimibe,DYSPNOEA,3889,161861,2.2163
ezetimibe,HEADACHE,3721,161861,1.913
ezetimibe,PAIN,3437,161861,1.7881
ezetimibe,ARTHRALGIA,3406,161861,2.6673
ezetimibe,ASTHENIA,3369,161861,2.8894
ezetimibe,PAIN IN EXTREMITY,2867,161861,3.1195
ezetimibe,FALL,2767,161861,2.6876
ezetimibe,VOMITING,2692,161861,1.8585
ezetimibe,MALAISE,2546,161861,1.8536
ezetimibe,PRURITUS,2511,161861,2.1963
ezetimibe,WEIGHT DECREASED,2250,161861,2.6003
ezetimibe,MUSCLE SPASMS,2220,161861,3.9184
ezetimibe,COUGH,2185,161861,2.5334
ezetimibe,MYOCARDIAL INFARCTION,2127,161861,3.8555
ezetimibe,RASH,2079,161861,1.5561
ezetimibe,BACK PAIN,2056,161861,2.8486
ezetimibe,INSOMNIA,1848,161861,2.2222
ezetimibe,ACUTE KIDNEY INJURY,1820,161861,3.9042
ezetimibe,PNEUMONIA,1798,161861,1.7997
ezetimibe,CHEST PAIN,1760,161861,3.0488
ezetimibe,MUSCULAR WEAKNESS,1730,161861,4.9416
ezetimibe,ABDOMINAL PAIN,1693,161861,2.3563
ezetimibe,HYPERTENSION,1690,161861,2.5716
ezetimibe,PYREXIA,1684,161861,1.5599
ezetimibe,ANXIETY,1681,161861,1.8865
ezetimibe,DRUG INTERACTION,1668,161861,3.3938
ezetimibe,DECREASED APPETITE,1662,161861,2.3272
ezetimibe,ABDOMINAL PAIN UPPER,1648,161861,2.6042
ezetimibe,CONSTIPATION,1628,161861,2.4602
ezetimibe,BLOOD PRESSURE INCREASED,1588,161861,3.3469
ezetimibe,BLOOD GLUCOSE INCREASED,1576,161861,2.6689
ezetimibe,RHABDOMYOLYSIS,1549,161861,12.3947
ezetimibe,HYPOTENSION,1531,161861,2.4639
ezetimibe,RENAL FAILURE,1503,161861,3.5873
ezetimibe,WEIGHT INCREASED,1496,161861,2.1785
ezetimibe,GAIT DISTURBANCE,1449,161861,2.4193
ezetimibe,DEPRESSION,1427,161861,1.9921
ezetimibe,FLUSHING,1343,161861,4.2325
ezetimibe,FEELING ABNORMAL,1325,161861,1.7554
ezetimibe,ANAEMIA,1289,161861,2.1675
ezetimibe,CEREBROVASCULAR ACCIDENT,1280,161861,2.4081
fentanyl,DRUG ABUSE,12092,211412,41.3906
fentanyl,OVERDOSE,8051,211412,9.3624
fentanyl,PAIN,7740,211412,3.1026
fentanyl,DEATH,7387,211412,2.1195
fentanyl,TOXICITY TO VARIOUS AGENTS,7163,211412,11.0656
fentanyl,DRUG DEPENDENCE,6376,211412,9.759
fentanyl,NAUSEA,5594,211412,1.7554
fentanyl,DEPENDENCE,4400,211412,20.4797
fentanyl,VOMITING,4059,211412,2.1499
fentanyl,HYPOTENSION,3302,211412,4.1026
fentanyl,DRUG WITHDRAWAL SYNDROME,3168,211412,8.8595
fentanyl,DRUG INTERACTION,3100,211412,4.8706
fentanyl,CARDIAC ARREST,3024,211412,9.2528
fentanyl,EMOTIONAL DISTRESS,3018,211412,6.1586
fentanyl,ANXIETY,2644,211412,2.2775
fentanyl,PYREXIA,2480,211412,1.7613
fentanyl,PNEUMONIA,2363,211412,1.8124
fentanyl,SOMNOLENCE,2341,211412,2.8835
fentanyl,CONSTIPATION,2158,211412,2.5008
fentanyl,FALL,2079,211412,1.5412
fentanyl,DEPRESSION,2029,211412,2.1724
fentanyl,WEIGHT DECREASED,1941,211412,1.7138
fentanyl,ABDOMINAL PAIN,1928,211412,2.0545
fentanyl,CARDIO-RESPIRATORY ARREST,1928,211412,11.6771
fentanyl,BACK PAIN,1903,211412,2.0153
fentanyl,RENAL FAILURE,1889,211412,3.4588
fentanyl,ACUTE KIDNEY INJURY,1880,211412,3.0859
fentanyl,ANAEMIA,1845,211412,2.3802
fentanyl,CONFUSIONAL STATE,1842,211412,2.8071
fentanyl,RESPIRATORY ARREST,1841,211412,17.145
fentanyl,DRUG HYPERSENSITIVITY,1741,211412,2.194
fentanyl,INSOMNIA,1653,211412,1.5192
fentanyl,DECREASED APPETITE,1579,211412,1.6905
fentanyl,HYPERTENSION,1553,211412,1.8062
fentanyl,COMPLETED SUICIDE,1462,211412,4.3387
fentanyl,HYPERHIDROSIS,1438,211412,2.7406
fentanyl,ILL-DEFINED DISORDER,1438,211412,5.9188
fentanyl,PRODUCT QUALITY ISSUE,1436,211412,2.6012
gemfibrozil,NAUSEA,883,30282,1.9294
gemfibrozil,FATIGUE,824,30282,1.8255
gemfibrozil,DIARRHOEA,726,30282,1.9553
gemfibrozil,PAIN,692,30282,1.9205
gemfibrozil,DIZZINESS,617,30282,2.1286
gemfibrozil,RHABDOMYOLYSIS,604,30282,25.2781
gemfibrozil,DYSPNOEA,599,30282,1.8183
gemfibrozil,ASTHENIA,598,30282,2.7275
gemfibrozil,HEADACHE,561,30282,1.5375
gemfibrozil,RENAL FAILURE,559,30282,7.0982
gemfibrozil,VOMITING,509,30282,1.874
gemfibrozil,CHRONIC KIDNEY DISEASE,484,30282,10.719
gemfibrozil,DRUG INTERACTION,464,30282,5.0195
gemfibrozil,PAIN IN EXTREMITY,456,30282,2.6365
gemfibrozil,FALL,452,30282,2.3358
gemfibrozil,ACUTE KIDNEY INJURY,441,30282,5.0215
gemfibrozil,DRUG HYPERSENSITIVITY,436,30282,3.823
gemfibrozil,ARTHRALGIA,433,30282,1.8036
gemfibrozil,WEIGHT DECREASED,428,30282,2.6329
gemfibrozil,ANXIETY,423,30282,2.5325
gemfibrozil,MYALGIA,420,30282,4.2428
gemfibrozil,MALAISE,415,30282,1.6111
gemfibrozil,MYOCARDIAL INFARCTION,415,30282,3.9911
gemfibrozil,BLOOD GLUCOSE INCREASED,407,30282,3.6702
gemfibrozil,PNEUMONIA,395,30282,2.1092
gemfibrozil,RENAL FAILURE ACUTE,371,30282,14.474
gemfibrozil,DEPRESSION,353,30282,2.6282
gemfibrozil,CHEST PAIN,351,30282,3.2328
gemfibrozil,DIABETES MELLITUS,343,30282,7.6499
gemfibrozil,BACK PAIN,337,30282,2.4831
gemfibrozil,INSOMNIA,332,30282,2.1269
gemfibrozil,ANAEMIA,321,30282,2.8775
gemfibrozil,HYPERTENSION,312,30282,2.5271
gemfibrozil,CARDIAC FAILURE CONGESTIVE,310,30282,6.4522
gemfibrozil,ABDOMINAL PAIN,306,30282,2.2681
gemfibrozil,COUGH,305,30282,1.8818
gemfibrozil,WEIGHT INCREASED,290,30282,2.2504
gemfibrozil,GAIT DISTURBANCE,278,30282,2.4718
gemfibrozil,CEREBROVASCULAR ACCIDENT,269,30282,2.6955
gemfibrozil,HYPOTENSION,268,30282,2.2962
gemfibrozil,ABDOMINAL PAIN UPPER,260,30282,2.1863
gemfibrozil,DECREASED APPETITE,254,30282,1.8939
gemfibrozil,OEDEMA PERIPHERAL,253,30282,3.522
gemfibrozil,BLOOD TRIGLYCERIDES INCREASED,244,30282,23.8038
heparin,DRUG INEFFECTIVE,1189,26141,1.7963
heparin,NAUSEA,719,26141,1.8197
heparin,OFF LABEL USE,705,26141,1.6468
heparin,DRUG HYPERSENSITIVITY,611,26141,6.2125
heparin,VOMITING,580,26141,2.4743
heparin,HYPOTENSION,557,26141,5.5372
heparin,DYSPNOEA,526,26141,1.8496
heparin,PULMONARY EMBOLISM,474,26141,9.8405
heparin,PYREXIA,471,26141,2.6989
heparin,THROMBOCYTOPENIA,469,26141,8.4214
heparin,SEPSIS,464,26141,8.2885
heparin,ABDOMINAL PAIN,460,26141,3.9528
heparin,ANAEMIA,450,26141,4.6766
heparin,THROMBOSIS,420,26141,10.3389
heparin,CONDITION AGGRAVATED,376,26141,2.5075
heparin,CONSTIPATION,363,26141,3.3847
heparin,PNEUMONIA,354,26141,2.1896
heparin,HAEMORRHAGE,346,26141,6.5929
heparin,HAEMOGLOBIN DECREASED,344,26141,6.6194
heparin,MULTIPLE ORGAN DYSFUNCTION SYNDROME,336,26141,25.1107
heparin,GENERAL PHYSICAL HEALTH DETERIORATION,318,26141,5.5936
heparin,PLATELET COUNT DECREASED,291,26141,5.4398
heparin,RENAL FAILURE,289,26141,4.2425
heparin,MYOCARDIAL INFARCTION,287,26141,3.1952
heparin,HYPONATRAEMIA,286,26141,10.1304
heparin,CARDIOGENIC SHOCK,283,26141,40.6765
heparin,DEEP VEIN THROMBOSIS,282,26141,8.5227
heparin,STRESS,282,26141,7.8527
heparin,ABDOMINAL DISTENSION,275,26141,5.3169
heparin,ASCITES,260,26141,17.6855
heparin,PRODUCT USE IN UNAPPROVED INDICATION,256,26141,2.1372
heparin,ACUTE KIDNEY INJURY,247,26141,3.2539
heparin,FEBRILE NEUTROPENIA,236,26141,7.1391
heparin,BLOOD PRESSURE DECREASED,234,26141,7.028
heparin,VENTRICULAR FIBRILLATION,230,26141,41.9169
heparin,CARDIAC ARREST,226,26141,5.4157
heparin,APPENDICITIS,222,26141,49.245
heparin,CHEST PAIN,220,26141,2.3457
heparin,CEREBRAL HAEMORRHAGE,214,26141,11.9253
heparin,SOMNOLENCE,198,26141,1.9577
icosapent ethyl,PRODUCT ODOUR ABNORMAL,963,18725,291.1039
icosapent ethyl,PRODUCT PHYSICAL ISSUE,733,18725,108.0237
icosapent ethyl,OFF LABEL USE,728,18725,2.3744
icosapent ethyl,DIARRHOEA,546,18725,2.378
icosapent ethyl,POOR QUALITY PRODUCT ADMINISTERED,501,18725,150.7605
icosapent ethyl,NAUSEA,488,18725,1.7239
icosapent ethyl,ARTHRALGIA,468,18725,3.1536
icosapent ethyl,PRODUCT TASTE ABNORMAL,430,18725,93.1561
icosapent ethyl,PRESCRIBED UNDERDOSE,301,18725,42.9719
icosapent ethyl,BLOOD TRIGLYCERIDES INCREASED,283,18725,44.7624
icosapent ethyl,DIZZINESS,271,18725,1.5112
icosapent ethyl,ERUCTATION,265,18725,41.5297
icosapent ethyl,ABDOMINAL DISCOMFORT,250,18725,4.1754
icosapent ethyl,CONDITION AGGRAVATED,249,18725,2.3175
icosapent ethyl,PAIN IN EXTREMITY,249,18725,2.3271
icosapent ethyl,WEIGHT INCREASED,219,18725,2.748
icosapent ethyl,BLOOD GLUCOSE INCREASED,195,18725,2.8411
icosapent ethyl,PRODUCT DOSE OMISSION ISSUE,189,18725,1.9994
icosapent ethyl,INSOMNIA,186,18725,1.9264
icosapent ethyl,PERIPHERAL SWELLING,185,18725,3.3733
icosapent ethyl,ABDOMINAL PAIN UPPER,177,18725,2.4065
icosapent ethyl,THERAPY INTERRUPTED,177,18725,7.6047
icosapent ethyl,MYALGIA,171,18725,2.79
icosapent ethyl,NASOPHARYNGITIS,169,18725,2.5532
icosapent ethyl,CONSTIPATION,162,18725,2.107
icosapent ethyl,SINUSITIS,157,18725,4.2353
icosapent ethyl,URTICARIA,155,18725,2.6105
icosapent ethyl,HYPOAESTHESIA,154,18725,2.8402
icosapent ethyl,MOBILITY DECREASED,149,18725,5.8034
icosapent ethyl,DECREASED APPETITE,147,18725,1.7722
icosapent ethyl,HYPERTENSION,147,18725,1.9244
icosapent ethyl,MUSCLE SPASMS,146,18725,2.2076
icosapent ethyl,BLOOD PRESSURE INCREASED,145,18725,2.6233
icosapent ethyl,PRODUCT ADHESION ISSUE,144,18725,11.5901
lomitapide,DIARRHOEA,1071,10519,8.3119
lomitapide,WEIGHT DECREASED,844,10519,14.9757
lomitapide,THERAPY CESSATION,798,10519,79.0687
lomitapide,NAUSEA,553,10519,3.4784
lomitapide,ABDOMINAL PAIN UPPER,283,10519,6.8541
lomitapide,FLATULENCE,242,10519,21.4093
lomitapide,ABDOMINAL DISCOMFORT,239,10519,7.1063
lomitapide,VOMITING,217,10519,2.2994
lomitapide,HEPATIC ENZYME INCREASED,190,10519,13.9148
lomitapide,INAPPROPRIATE SCHEDULE OF DRUG ADMINISTRATION,187,10519,12.4506
lomitapide,DRUG DOSE OMISSION,185,10519,5.2889
lomitapide,CONSTIPATION,168,10519,3.8904
lomitapide,ABDOMINAL PAIN,167,10519,3.5626
lomitapide,BLOOD CHOLESTEROL INCREASED,156,10519,16.5418
lomitapide,ALANINE AMINOTRANSFERASE INCREASED,151,10519,12.1299
lomitapide,MALAISE,136,10519,1.5196
lomitapide,GASTROINTESTINAL DISORDER,126,10519,7.2275
lomitapide,ABDOMINAL DISTENSION,125,10519,5.9987
lomitapide,ASPARTATE AMINOTRANSFERASE INCREASED,118,10519,10.9646
lomitapide,DECREASED APPETITE,106,10519,2.2747
lomitapide,WEIGHT INCREASED,100,10519,2.2328
lomitapide,CHEST PAIN,98,10519,2.5958
lomitapide,DYSPEPSIA,95,10519,4.8173
lomitapide,PRODUCT DOSE OMISSION ISSUE,95,10519,1.7886
lomitapide,LIVER FUNCTION TEST ABNORMAL,94,10519,15.7034
lomitapide,BACK PAIN,92,10519,1.9501
lomitapide,MUSCLE SPASMS,89,10519,2.3952
lomitapide,MYALGIA,87,10519,2.5259
lomitapide,MYOCARDIAL INFARCTION,85,10519,2.3497
lomitapide,INFLUENZA,80,10519,3.6078
lomitapide,LIVER FUNCTION TEST INCREASED,74,10519,17.5292
lomitapide,NASOPHARYNGITIS,71,10519,1.9087
lomitapide,CEREBROVASCULAR ACCIDENT,68,10519,1.9599
lomitapide,GASTROOESOPHAGEAL REFLUX DISEASE,60,10519,3.7248
lomitapide,HEPATIC STEATOSIS,60,10519,16.0782
metformin,NAUSEA,29316,778788,2.5497
metformin,BLOOD GLUCOSE INCREASED,27460,778788,11.1377
metformin,DIARRHOEA,27324,778788,2.9469
metformin,FATIGUE,20905,778788,1.8231
metformin,VOMITING,18844,778788,2.771
metformin,LACTIC ACIDOSIS,18480,778788,99.2571
metformin,ACUTE KIDNEY INJURY,17530,778788,8.672
metformin,WEIGHT DECREASED,17270,778788,4.3426
metformin,DYSPNOEA,16261,778788,1.9468
metformin,DIZZINESS,15449,778788,2.1068
metformin,HEADACHE,14664,778788,1.5763
metformin,PAIN,13875,778788,1.5083
metformin,ASTHENIA,13069,778788,2.3648
metformin,MALAISE,12550,778788,1.9211
metformin,DECREASED APPETITE,11524,778788,3.4683
metformin,FALL,11193,778788,2.2927
metformin,ARTHRALGIA,10452,778788,1.7109
metformin,PAIN IN EXTREMITY,9155,778788,2.0913
metformin,PNEUMONIA,8812,778788,1.8528
metformin,HYPOGLYCAEMIA,8592,778788,14.238
metformin,PRURITUS,8559,778788,1.5635
metformin,ABDOMINAL PAIN,8358,778788,2.4621
metformin,COUGH,8252,778788,2.0099
metformin,HYPOTENSION,8033,778788,2.7472
metformin,INJECTION SITE PAIN,7646,778788,1.7278
metformin,CONSTIPATION,7580,778788,2.4222
metformin,HYPERTENSION,7464,778788,2.4
metformin,WEIGHT INCREASED,7368,778788,2.2655
metformin,ABDOMINAL PAIN UPPER,7295,778788,2.4371
metformin,RENAL FAILURE,7271,778788,3.7295
metformin,TOXICITY TO VARIOUS AGENTS,7228,778788,2.9977
metformin,DRUG INTERACTION,6999,778788,3.0301
metformin,CONDITION AGGRAVATED,6938,778788,1.5656
metformin,BACK PAIN,6856,778788,1.993
metformin,BLOOD GLUCOSE DECREASED,6844,778788,10.8586
metformin,DEHYDRATION,6793,778788,3.5248
metformin,METABOLIC ACIDOSIS,6616,778788,17.7948
metformin,INSOMNIA,6533,778788,1.6426
metformin,ANXIETY,6496,778788,1.5232
metformin,URINARY TRACT INFECTION,6278,778788,2.5289
metformin,DIABETES MELLITUS,6196,778788,5.7493
metformin,FEELING ABNORMAL,6172,778788,1.7142
metformin,ABDOMINAL DISCOMFORT,6122,778788,2.5136
metformin,CONFUSIONAL STATE,6054,778788,2.5456
metformin,ANAEMIA,5979,778788,2.1181
metoprolol,FATIGUE,22538,646161,2.3807
metoprolol,DYSPNOEA,19526,646161,2.8429
metoprolol,DIARRHOEA,19148,646161,2.4613
metoprolol,NAUSEA,18955,646161,1.9642
metoprolol,DIZZINESS,16176,646161,2.6702
metoprolol,ASTHENIA,13104,646161,2.8658
metoprolol,PAIN,12866,646161,1.6874
metoprolol,HEADACHE,12833,646161,1.6619
metoprolol,FALL,12421,646161,3.0871
metoprolol,PNEUMONIA,10034,646161,2.5601
metoprolol,HYPOTENSION,9986,646161,4.1715
metoprolol,VOMITING,9932,646161,1.729
metoprolol,MYOCARDIAL INFARCTION,9417,646161,4.4249
metoprolol,ARTHRALGIA,9323,646161,1.8389
metoprolol,ATRIAL FIBRILLATION,9087,646161,8.1863
metoprolol,WEIGHT DECREASED,9033,646161,2.6575
metoprolol,MALAISE,8982,646161,1.6473
metoprolol,HYPERTENSION,8716,646161,3.4088
metoprolol,COUGH,8442,646161,2.4868
metoprolol,PAIN IN EXTREMITY,8167,646161,2.2465
metoprolol,ACUTE KIDNEY INJURY,8072,646161,4.4917
metoprolol,PRURITUS,7514,646161,1.6539
metoprolol,RENAL FAILURE,7425,646161,4.6084
metoprolol,CHEST PAIN,7390,646161,3.2797
metoprolol,DECREASED APPETITE,7291,646161,2.5993
metoprolol,ANAEMIA,6841,646161,2.9431
metoprolol,BLOOD PRESSURE INCREASED,6800,646161,3.6872
metoprolol,BACK PAIN,6724,646161,2.3607
metoprolol,CONSTIPATION,6615,646161,2.5421
metoprolol,CHRONIC KIDNEY DISEASE,6565,646161,7.3304
metoprolol,ANXIETY,6541,646161,1.8538
metoprolol,INSOMNIA,6338,646161,1.9244
metoprolol,URINARY TRACT INFECTION,6004,646161,2.9177
metoprolol,CARDIAC FAILURE CONGESTIVE,5999,646161,6.2281
metoprolol,DRUG INTERACTION,5878,646161,3.0519
metoprolol,CONDITION AGGRAVATED,5732,646161,1.5564
metoprolol,GAIT DISTURBANCE,5634,646161,2.3878
metoprolol,DEHYDRATION,5490,646161,3.406
metoprolol,CEREBROVASCULAR ACCIDENT,5444,646161,2.6071
metoprolol,FEELING ABNORMAL,5396,646161,1.805
metoprolol,ABDOMINAL PAIN,5358,646161,1.881
metoprolol,WEIGHT INCREASED,5238,646161,1.9263
metoprolol,PERIPHERAL SWELLING,5234,646161,2.8288
metoprolol,ABDOMINAL PAIN UPPER,5213,646161,2.0816
metoprolol,OEDEMA PERIPHERAL,5182,646161,3.4844
midazolam,DRUG INEFFECTIVE,3333,48153,2.737
midazolam,OFF LABEL USE,2451,48153,3.1134
midazolam,HYPOTENSION,1520,48153,8.2409
midazolam,SEIZURE,1511,48153,14.674
midazolam,DRUG INTERACTION,1201,48153,8.2073
midazolam,PYREXIA,939,48153,2.9238
midazolam,TOXICITY TO VARIOUS AGENTS,919,48153,6.0065
midazolam,CARDIAC ARREST,907,48153,11.8959
midazolam,ACUTE KIDNEY INJURY,894,48153,6.4196
midazolam,RESPIRATORY FAILURE,695,48153,10.3531
midazolam,CONDITION AGGRAVATED,677,48153,2.4525
midazolam,STATUS EPILEPTICUS,677,48153,69.2386
midazolam,PRODUCT USE IN UNAPPROVED INDICATION,661,48153,2.9998
midazolam,TACHYCARDIA,649,48153,7.9319
midazolam,ANAPHYLACTIC REACTION,612,48153,12.3114
midazolam,ANAEMIA,598,48153,3.375
midazolam,PNEUMONIA,597,48153,2.0054
midazolam,DRUG INEFFECTIVE FOR UNAPPROVED INDICATION,570,48153,11.0373
midazolam,BRADYCARDIA,568,48153,11.565
midazolam,SOMNOLENCE,561,48153,3.0156
midazolam,AGITATION,558,48153,8.1732
midazolam,OVERDOSE,538,48153,2.6568
midazolam,ABDOMINAL PAIN,512,48153,2.3879
midazolam,HYPOXIA,509,48153,15.9264
midazolam,SEROTONIN SYNDROME,490,48153,28.5021
midazolam,RENAL FAILURE,488,48153,3.8933
midazolam,OXYGEN SATURATION DECREASED,482,48153,9.5129
midazolam,ANXIETY,481,48153,1.8107
midazolam,THROMBOCYTOPENIA,454,48153,4.4229
midazolam,CONSTIPATION,434,48153,2.1967
midazolam,ERYTHEMA,430,48153,2.2649
midazolam,RHABDOMYOLYSIS,422,48153,11.0514
midazolam,HYPERTENSION,417,48153,2.1244
midazolam,METABOLIC ACIDOSIS,407,48153,14.1994
midazolam,MULTIPLE ORGAN DYSFUNCTION SYNDROME,405,48153,16.4687
midazolam,SEPSIS,403,48153,3.9041
midazolam,WEIGHT DECREASED,401,48153,1.5506
midazolam,DELIRIUM,388,48153,12.2915
midazolam,CONFUSIONAL STATE,371,48153,2.4669
midazolam,GENERALISED TONIC-CLONIC SEIZURE,371,48153,25.37
montelukast sodium,ASTHMA,14471,305322,25.7078
montelukast sodium,DYSPNOEA,14341,305322,4.4057
montelukast sodium,COUGH,8689,305322,5.4596
montelukast sodium,FATIGUE,8431,305322,1.8613
montelukast sodium,HEADACHE,7944,305322,2.1742
montelukast sodium,WHEEZING,7381,305322,24.5637
montelukast sodium,PNEUMONIA,6654,305322,3.5773
montelukast sodium,PAIN,6287,305322,1.7374
montelukast sodium,MALAISE,5116,305322,1.981
montelukast sodium,ANXIETY,4735,305322,2.8407
montelukast sodium,DIZZINESS,4695,305322,1.6114
montelukast sodium,VOMITING,4366,305322,1.5993
montelukast sodium,PRURITUS,4311,305322,2.0035
montelukast sodium,ARTHRALGIA,4058,305322,1.6827
montelukast sodium,PYREXIA,3963,305322,1.9539
montelukast sodium,DEPRESSION,3909,305322,2.9176
montelukast sodium,SINUSITIS,3899,305322,6.6667
montelukast sodium,RASH,3806,305322,1.5122
montelukast sodium,INSOMNIA,3660,305322,2.3431
montelukast sodium,WEIGHT DECREASED,3575,305322,2.195
montelukast sodium,CHEST DISCOMFORT,3507,305322,6.0689
montelukast sodium,NASOPHARYNGITIS,3406,305322,3.1965
montelukast sodium,FALL,3375,305322,1.7362
montelukast sodium,THERAPEUTIC PRODUCT EFFECT INCOMPLETE,3274,305322,8.2914
montelukast sodium,HYPERSENSITIVITY,3257,305322,3.027
montelukast sodium,URTICARIA,3198,305322,3.3487
montelukast sodium,PAIN IN EXTREMITY,3134,305322,1.8043
montelukast sodium,DRUG HYPERSENSITIVITY,3131,305322,2.7474
montelukast sodium,CONDITION AGGRAVATED,3033,305322,1.7382
montelukast sodium,HYPERTENSION,3030,305322,2.4535
montelukast sodium,BACK PAIN,2951,305322,2.17
montelukast sodium,PRODUCT DOSE OMISSION ISSUE,2936,305322,1.9148
montelukast sodium,WEIGHT INCREASED,2916,305322,2.2599
montelukast sodium,PRODUCTIVE COUGH,2899,305322,11.2642
montelukast sodium,LOSS OF PERSONAL INDEPENDENCE IN DAILY ACTIVITIES,2856,305322,11.0023
montelukast sodium,BRONCHITIS,2809,305322,6.5931
montelukast sodium,CHEST PAIN,2718,305322,2.5023
montelukast sodium,FEELING ABNORMAL,2519,305322,1.7732
montelukast sodium,GASTROOESOPHAGEAL REFLUX DISEASE,2384,305322,5.228
montelukast sodium,OBSTRUCTIVE AIRWAYS DISORDER,2324,305322,44.7559
montelukast sodium,INFLUENZA,2321,305322,3.663
montelukast sodium,BLOOD PRESSURE INCREASED,2311,305322,2.5875
montelukast sodium,COVID-19,2213,305322,2.1155
montelukast sodium,NASAL CONGESTION,2212,305322,6.73
montelukast sodium,UPPER RESPIRATORY TRACT INFECTION,2206,305322,8.5279
nitroglycerin,DYSPNOEA,4165,135242,2.8437
nitroglycerin,PAIN,3658,135242,2.2797
nitroglycerin,FATIGUE,3520,135242,1.7488
nitroglycerin,MYOCARDIAL INFARCTION,3402,135242,7.4404
nitroglycerin,NAUSEA,3297,135242,1.6148
nitroglycerin,DIZZINESS,2963,135242,2.2953
nitroglycerin,CHEST PAIN,2953,135242,6.167
nitroglycerin,FALL,2922,135242,3.4003
nitroglycerin,DIARRHOEA,2698,135242,1.6289
nitroglycerin,HEADACHE,2617,135242,1.6081
nitroglycerin,RENAL FAILURE,2517,135242,7.251
nitroglycerin,ASTHENIA,2417,135242,2.4757
nitroglycerin,HYPOTENSION,2251,135242,4.3544
nitroglycerin,ANXIETY,2068,135242,2.783
nitroglycerin,MALAISE,2053,135242,1.7878
nitroglycerin,PNEUMONIA,2028,135242,2.4326
nitroglycerin,VOMITING,2013,135242,1.6616
nitroglycerin,CARDIAC FAILURE CONGESTIVE,1875,135242,8.8962
nitroglycerin,CONSTIPATION,1831,135242,3.3166
nitroglycerin,COUGH,1819,135242,2.522
nitroglycerin,CHRONIC KIDNEY DISEASE,1689,135242,8.4958
nitroglycerin,ACUTE KIDNEY INJURY,1673,135242,4.2931
nitroglycerin,ARTHRALGIA,1664,135242,1.5535
nitroglycerin,ANAEMIA,1627,135242,3.2822
nitroglycerin,PYREXIA,1557,135242,1.7264
nitroglycerin,WEIGHT DECREASED,1469,135242,2.027
nitroglycerin,ABDOMINAL PAIN,1447,135242,2.4089
nitroglycerin,DEPRESSION,1427,135242,2.3855
nitroglycerin,HYPERTENSION,1416,135242,2.5767
nitroglycerin,CORONARY ARTERY DISEASE,1375,135242,17.7625
nitroglycerin,PAIN IN EXTREMITY,1369,135242,1.7743
nitroglycerin,BACK PAIN,1318,135242,2.1794
nitroglycerin,ABDOMINAL PAIN UPPER,1258,135242,2.3757
nitroglycerin,INSOMNIA,1245,135242,1.7885
nitroglycerin,ANGINA PECTORIS,1218,135242,16.7175
nitroglycerin,INJURY,1213,135242,6.5876
nitroglycerin,CEREBROVASCULAR ACCIDENT,1195,135242,2.6907
nitroglycerin,DECREASED APPETITE,1194,135242,1.9978
nitroglycerin,ATRIAL FIBRILLATION,1187,135242,4.7204
nitroglycerin,OEDEMA PERIPHERAL,1172,135242,3.6741
nitroglycerin,DRUG INTERACTION,1168,135242,2.8363
nitroglycerin,BLOOD PRESSURE INCREASED,1110,135242,2.7922
nitroglycerin,GASTROINTESTINAL HAEMORRHAGE,1101,135242,5.021
nitroglycerin,DRUG HYPERSENSITIVITY,1071,135242,2.1054
nitroglycerin,ACUTE MYOCARDIAL INFARCTION,1021,135242,13.5618
plerixafor,FEBRILE NEUTROPENIA,140,2761,40.0552
plerixafor,OFF LABEL USE,119,2761,2.6311
plerixafor,DIARRHOEA,99,2761,2.923
plerixafor,PYREXIA,84,2761,4.5541
plerixafor,MUCOSAL INFLAMMATION,83,2761,60.2157
plerixafor,NAUSEA,79,2761,1.8923
plerixafor,THROMBOCYTOPENIA,79,2761,13.3875
plerixafor,PLASMA CELL MYELOMA,60,2761,28.7676
plerixafor,PNEUMONIA,55,2761,3.2193
plerixafor,DYSPNOEA,54,2761,1.7971
plerixafor,VOMITING,54,2761,2.1796
plerixafor,NEUTROPENIA,53,2761,7.3896
plerixafor,INFECTION,45,2761,5.9106
plerixafor,ACUTE KIDNEY INJURY,44,2761,5.483
plerixafor,THERAPY NON-RESPONDER,41,2761,17.7139
plerixafor,ANAEMIA,40,2761,3.9288
plerixafor,HYPOTENSION,36,2761,3.3808
plerixafor,SEPSIS,34,2761,5.7299
plerixafor,PLEURAL EFFUSION,31,2761,9.5366
plerixafor,ASCITES,30,2761,19.1721
plerixafor,PANCYTOPENIA,30,2761,10.1684
plerixafor,ABDOMINAL PAIN,27,2761,2.1934
plerixafor,RENAL FAILURE,27,2761,3.7469
plerixafor,BONE PAIN,26,2761,8.3461
plerixafor,RESPIRATORY FAILURE,26,2761,6.6964
plerixafor,STOMATITIS,26,2761,8.0814
plerixafor,ACUTE RESPIRATORY DISTRESS SYNDROME,25,2761,26.6708
plerixafor,PLATELET COUNT DECREASED,25,2761,4.4153
plerixafor,PRODUCT USE IN UNAPPROVED INDICATION,25,2761,1.975
plerixafor,ALANINE AMINOTRANSFERASE INCREASED,23,2761,7.0249
plerixafor,BACK PAIN,23,2761,1.8571
plerixafor,NEUROPATHY PERIPHERAL,23,2761,4.6379
plerixafor,SEPTIC SHOCK,23,2761,10.0901
plerixafor,TREATMENT FAILURE,23,2761,5.3281
plerixafor,COLITIS,22,2761,11.1624
plerixafor,ACUTE MYELOID LEUKAEMIA,21,2761,25.5657
plerixafor,HYPOKALAEMIA,21,2761,8.6419
plerixafor,WHITE BLOOD CELL COUNT DECREASED,21,2761,3.6298
plerixafor,CONSTIPATION,20,2761,1.7635
plerixafor,THERAPEUTIC PRODUCT EFFECT INCOMPLETE,20,2761,5.3626
ranolazine,DEATH,816,15361,3.2092
ranolazine,MYOCARDIAL INFARCTION,640,15361,12.1532
ranolazine,CHEST PAIN,605,15361,11.0038
ranolazine,ANGINA PECTORIS,594,15361,70.3126
ranolazine,DYSPNOEA,419,15361,2.5073
ranolazine,DIZZINESS,409,15361,2.7812
ranolazine,FALL,368,15361,3.7491
ranolazine,CEREBROVASCULAR ACCIDENT,355,15361,7.0183
ranolazine,CARDIAC DISORDER,298,15361,10.6844
ranolazine,MALAISE,278,15361,2.1276
ranolazine,DIABETES MELLITUS,259,15361,11.3779
ranolazine,DRUG INTERACTION,248,15361,5.2829
ranolazine,INTENTIONAL PRODUCT USE ISSUE,239,15361,9.2686
ranolazine,CARDIAC FAILURE CONGESTIVE,217,15361,8.896
ranolazine,PNEUMONIA,212,15361,2.231
ranolazine,HYPOTENSION,204,15361,3.4456
ranolazine,HYPOACUSIS,194,15361,15.4215
ranolazine,PRODUCT USE ISSUE,190,15361,3.4936
ranolazine,ASTHENIA,184,15361,1.653
ranolazine,HYPERTENSION,159,15361,2.5376
ranolazine,ATRIAL FIBRILLATION,147,15361,5.1018
ranolazine,CARDIAC FAILURE,140,15361,5.8952
ranolazine,CORONARY ARTERY DISEASE,138,15361,15.0769
ranolazine,MEMORY IMPAIRMENT,134,15361,3.283
ranolazine,SYNCOPE,131,15361,4.4183
ranolazine,CONSTIPATION,128,15361,2.0292
ranolazine,CONFUSIONAL STATE,122,15361,2.5406
ranolazine,CARDIAC ARREST,121,15361,4.9289
ranolazine,ACUTE KIDNEY INJURY,117,15361,2.6212
ranolazine,DEMENTIA,113,15361,13.9569
ranolazine,DRUG DOSE OMISSION,110,15361,2.1523
ranolazine,UNEVALUABLE EVENT,107,15361,4.7427
ranolazine,LOSS OF CONSCIOUSNESS,101,15361,2.6601
ranolazine,NEOPLASM MALIGNANT,100,15361,5.0811
ranolazine,CORONARY ARTERY OCCLUSION,98,15361,23.9058
rosuvastatin,FATIGUE,13910,429454,2.1942
rosuvastatin,NAUSEA,11734,429454,1.8196
rosuvastatin,DYSPNOEA,11345,429454,2.4577
rosuvastatin,DIARRHOEA,10640,429454,2.0376
rosuvastatin,PAIN,10407,429454,2.0539
rosuvastatin,MYALGIA,9727,429454,7.2904
rosuvastatin,HEADACHE,9514,429454,1.8515
rosuvastatin,DIZZINESS,8848,429454,2.1727
rosuvastatin,ARTHRALGIA,8724,429454,2.5964
rosuvastatin,ASTHENIA,8349,429454,2.7222
rosuvastatin,PAIN IN EXTREMITY,7842,429454,3.2561
rosuvastatin,MALAISE,7618,429454,2.1045
rosuvastatin,FALL,7228,429454,2.6696
rosuvastatin,VOMITING,6975,429454,1.8227
rosuvastatin,COUGH,6659,429454,2.9441
rosuvastatin,WEIGHT DECREASED,6208,429454,2.7303
rosuvastatin,PNEUMONIA,6199,429454,2.3599
rosuvastatin,PRURITUS,5830,429454,1.9298
rosuvastatin,ACUTE KIDNEY INJURY,5733,429454,4.74
rosuvastatin,MUSCLE SPASMS,5547,429454,3.7419
rosuvastatin,CONSTIPATION,5188,429454,2.9914
rosuvastatin,BACK PAIN,4936,429454,2.5975
rosuvastatin,HYPERTENSION,4926,429454,2.8558
rosuvastatin,MYOCARDIAL INFARCTION,4552,429454,3.1381
rosuvastatin,PYREXIA,4537,429454,1.5891
rosuvastatin,INSOMNIA,4518,429454,2.0582
rosuvastatin,CHEST PAIN,4499,429454,2.9674
rosuvastatin,BLOOD PRESSURE INCREASED,4430,429454,3.5698
rosuvastatin,HYPOTENSION,4367,429454,2.6743
rosuvastatin,GAIT DISTURBANCE,4078,429454,2.5894
rosuvastatin,ANXIETY,4039,429454,1.714
rosuvastatin,RHABDOMYOLYSIS,4005,429454,12.8363
rosuvastatin,DECREASED APPETITE,3998,429454,2.1212
rosuvastatin,CONDITION AGGRAVATED,3994,429454,1.6288
rosuvastatin,DRUG INTERACTION,3932,429454,3.0448
rosuvastatin,ABDOMINAL PAIN,3930,429454,2.0714
rosuvastatin,WEIGHT INCREASED,3822,429454,2.1097
rosuvastatin,ABDOMINAL PAIN UPPER,3787,429454,2.2683
rosuvastatin,ASTHMA,3771,429454,4.252
rosuvastatin,RENAL FAILURE,3736,429454,3.4018
rosuvastatin,MUSCULAR WEAKNESS,3671,429454,4.0032
rosuvastatin,NASOPHARYNGITIS,3634,429454,2.4218
rosuvastatin,CHRONIC KIDNEY DISEASE,3633,429454,5.8774
rosuvastatin,DEPRESSION,3512,429454,1.8555
rosuvastatin,DRUG HYPERSENSITIVITY,3446,429454,2.148
rosuvastatin,BLOOD GLUCOSE INCREASED,3428,429454,2.1987
saline,NAUSEA,321,9089,2.3361
saline,DYSPNOEA,319,9089,3.226
saline,OFF LABEL USE,295,9089,1.9816
saline,VOMITING,232,9089,2.8453
saline,FATIGUE,223,9089,1.6453
saline,PAIN,222,9089,2.052
saline,DIARRHOEA,201,9089,1.8028
saline,DIZZINESS,193,9089,2.2173
saline,PYREXIA,191,9089,3.1462
saline,PNEUMONIA,175,9089,3.1125
saline,HEADACHE,173,9089,1.5794
saline,COUGH,163,9089,3.3503
saline,PARAESTHESIA,149,9089,5.3742
saline,HYPOAESTHESIA,148,9089,5.6241
saline,MALAISE,146,9089,1.8881
saline,MUSCLE SPASMS,143,9089,4.4555
saline,HYPOTENSION,142,9089,4.0526
saline,ASTHENIA,140,9089,2.1256
saline,ABDOMINAL PAIN,127,9089,3.1351
saline,WEIGHT DECREASED,123,9089,2.5191
saline,BACK PAIN,114,9089,2.7969
saline,ANXIETY,109,9089,2.1726
saline,FALL,102,9089,1.755
saline,DECREASED APPETITE,96,9089,2.3842
saline,HYPERHIDROSIS,91,9089,4.0067
saline,CHEST PAIN,90,9089,2.7589
saline,ACUTE KIDNEY INJURY,89,9089,3.3696
saline,CHILLS,88,9089,4.2698
saline,ANAEMIA,86,9089,2.5663
saline,DEHYDRATION,85,9089,3.6372
saline,INFECTION,84,9089,3.3521
saline,URINARY TRACT INFECTION,83,9089,2.7988
saline,FEELING HOT,81,9089,7.5078
saline,CONDITION AGGRAVATED,79,9089,1.5142
saline,PRODUCT DOSE OMISSION ISSUE,79,9089,1.7213
saline,NASOPHARYNGITIS,78,9089,2.427
saline,CARDIAC ARREST,75,9089,5.161
saline,CHEST DISCOMFORT,75,9089,4.2309
saline,WHEEZING,74,9089,7.2363
saline,ABDOMINAL PAIN UPPER,72,9089,2.016
saline,PALLOR,72,9089,15.0046
saline,SEPSIS,72,9089,3.6868
saline,SINUSITIS,71,9089,3.9432
saline,HYPERTENSION,70,9089,1.8876
sildenafil,DYSPNOEA,13049,242430,5.0428
sildenafil,DRUG INEFFECTIVE,12627,242430,2.0668
sildenafil,HEADACHE,9929,242430,3.4384
sildenafil,DEATH,9001,242430,2.2552
sildenafil,DIARRHOEA,6858,242430,2.3206
sildenafil,NAUSEA,6338,242430,1.7351
sildenafil,FATIGUE,6199,242430,1.7206
sildenafil,DIZZINESS,5666,242430,2.4573
sildenafil,PNEUMONIA,4873,242430,3.2842
sildenafil,COUGH,4554,242430,3.5514
sildenafil,MALAISE,4425,242430,2.1571
sildenafil,VOMITING,3725,242430,1.7182
sildenafil,HYPOTENSION,3686,242430,3.9993
sildenafil,FLUID RETENTION,3343,242430,14.9901
sildenafil,PULMONARY ARTERIAL HYPERTENSION,3291,242430,61.9937
sildenafil,CHEST PAIN,3250,242430,3.7846
sildenafil,CONDITION AGGRAVATED,3187,242430,2.3045
sildenafil,FALL,3062,242430,1.9844
sildenafil,PAIN IN EXTREMITY,3022,242430,2.193
sildenafil,ASTHENIA,2979,242430,1.7012
sildenafil,PULMONARY HYPERTENSION,2969,242430,35.2569
sildenafil,FLUSHING,2731,242430,5.8201
sildenafil,OEDEMA PERIPHERAL,2704,242430,4.7812
sildenafil,WEIGHT DECREASED,2620,242430,2.0212
sildenafil,OXYGEN SATURATION DECREASED,2502,242430,10.1623
sildenafil,SYNCOPE,2333,242430,5.0794
sildenafil,DYSPNOEA EXERTIONAL,2244,242430,13.707
sildenafil,NASAL CONGESTION,2172,242430,8.327
sildenafil,PAIN IN JAW,2159,242430,17.4924
sildenafil,PERIPHERAL SWELLING,2125,242430,3.0196
sildenafil,NASOPHARYNGITIS,2103,242430,2.4702
sildenafil,DECREASED APPETITE,2055,242430,1.9215
sildenafil,FEELING ABNORMAL,2053,242430,1.8187
sildenafil,BACK PAIN,1975,242430,1.8234
sildenafil,CARDIAC FAILURE,1903,242430,5.1728
sildenafil,WEIGHT INCREASED,1854,242430,1.8027
sildenafil,OEDEMA,1828,242430,7.4706
sildenafil,PALPITATIONS,1820,242430,3.3809
sildenafil,ANAEMIA,1794,242430,2.0164
sildenafil,CARDIAC FAILURE CONGESTIVE,1741,242430,4.5903
sildenafil,PRODUCT USE ISSUE,1663,242430,1.9449
sildenafil,INFUSION SITE PAIN,1661,242430,32.4994
simvastatin,FATIGUE,14278,478926,2.0186
simvastatin,NAUSEA,13887,478926,1.9348
simvastatin,DYSPNOEA,13021,478926,2.5349
simvastatin,DIARRHOEA,12370,478926,2.1282
simvastatin,DIZZINESS,11657,478926,2.5797
simvastatin,PAIN,9708,478926,1.7143
simvastatin,ASTHENIA,9691,478926,2.8413
simvastatin,FALL,9623,478926,3.2085
simvastatin,HEADACHE,9344,478926,1.6285
simvastatin,MYALGIA,8940,478926,5.9717
simvastatin,VOMITING,8526,478926,2.0029
simvastatin,ARTHRALGIA,8050,478926,2.1424
simvastatin,MALAISE,7943,478926,1.9672
simvastatin,PAIN IN EXTREMITY,7434,478926,2.761
simvastatin,DRUG INTERACTION,7410,478926,5.2635
simvastatin,ACUTE KIDNEY INJURY,6616,478926,4.9314
simvastatin,WEIGHT DECREASED,6278,478926,2.474
simvastatin,PRURITUS,6185,478926,1.8359
simvastatin,PNEUMONIA,6132,478926,2.0907
simvastatin,RENAL FAILURE,5868,478926,4.8686
simvastatin,RHABDOMYOLYSIS,5744,478926,17.3325
simvastatin,MYOCARDIAL INFARCTION,5703,478926,3.5464
simvastatin,INSOMNIA,5578,478926,2.2859
simvastatin,CHEST PAIN,5513,478926,3.2764
simvastatin,COUGH,5477,478926,2.1593
simvastatin,ANAEMIA,5422,478926,3.1327
simvastatin,PYREXIA,5304,478926,1.6681
simvastatin,BACK PAIN,5232,478926,2.4697
simvastatin,HYPOTENSION,5189,478926,2.8592
simvastatin,CONSTIPATION,5110,478926,2.6384
simvastatin,HYPERTENSION,5042,478926,2.62
simvastatin,ANXIETY,4997,478926,1.9063
simvastatin,CHRONIC KIDNEY DISEASE,4932,478926,7.2806
simvastatin,DECREASED APPETITE,4866,478926,2.3221
simvastatin,ABDOMINAL PAIN,4723,478926,2.2381
simvastatin,GAIT DISTURBANCE,4686,478926,2.6744
simvastatin,MUSCLE SPASMS,4632,478926,2.7841
simvastatin,CONFUSIONAL STATE,4576,478926,3.1172
simvastatin,BLOOD GLUCOSE INCREASED,4526,478926,2.6165
simvastatin,DEPRESSION,4474,478926,2.1269
simvastatin,MUSCULAR WEAKNESS,4437,478926,4.3661
simvastatin,CEREBROVASCULAR ACCIDENT,4407,478926,2.8386
simvastatin,FEELING ABNORMAL,4264,478926,1.9214
simvastatin,ABDOMINAL PAIN UPPER,4234,478926,2.2771
simvastatin,OEDEMA PERIPHERAL,4155,478926,3.7482
simvastatin,DEHYDRATION,4119,478926,3.4213
spironolactone,DYSPNOEA,10465,281054,3.4688
spironolactone,FATIGUE,8231,281054,1.9745
spironolactone,NAUSEA,7868,281054,1.8603
spironolactone,DIARRHOEA,7471,281054,2.1812
spironolactone,ACUTE KIDNEY INJURY,6792,281054,8.6726
spironolactone,DIZZINESS,6276,281054,2.349
spironolactone,HEADACHE,5904,281054,1.7502
spironolactone,HYPOTENSION,5843,281054,5.5275
spironolactone,FALL,5123,281054,2.8804
spironolactone,ASTHENIA,5006,281054,2.478
spironolactone,HYPERKALAEMIA,4929,281054,30.5226
spironolactone,VOMITING,4869,281054,1.9407
spironolactone,CARDIAC FAILURE,4492,281054,10.8995
spironolactone,PNEUMONIA,4435,281054,2.5725
spironolactone,MALAISE,4412,281054,1.8537
spironolactone,COUGH,4006,281054,2.687
spironolactone,DRUG INTERACTION,3866,281054,4.5861
spironolactone,ANAEMIA,3806,281054,3.7284
spironolactone,OEDEMA PERIPHERAL,3726,281054,5.7291
spironolactone,WEIGHT DECREASED,3680,281054,2.4567
spironolactone,RENAL FAILURE,3663,281054,5.1088
spironolactone,CONDITION AGGRAVATED,3470,281054,2.1648
spironolactone,DEHYDRATION,3346,281054,4.7254
spironolactone,DECREASED APPETITE,3137,281054,2.5408
spironolactone,CARDIAC FAILURE CONGESTIVE,3061,281054,7.0765
spironolactone,PYREXIA,3035,281054,1.6218
spironolactone,WEIGHT INCREASED,2854,281054,2.4033
spironolactone,PAIN IN EXTREMITY,2848,281054,1.7802
spironolactone,CHEST PAIN,2780,281054,2.7827
spironolactone,HYPONATRAEMIA,2778,281054,9.5482
spironolactone,ATRIAL FIBRILLATION,2763,281054,5.3633
spironolactone,HYPERTENSION,2713,281054,2.3839
spironolactone,ABDOMINAL PAIN,2570,281054,2.0632
spironolactone,RENAL IMPAIRMENT,2445,281054,5.5656
spironolactone,CONSTIPATION,2403,281054,2.0943
spironolactone,PERIPHERAL SWELLING,2383,281054,2.9238
spironolactone,CHRONIC KIDNEY DISEASE,2361,281054,5.7509
spironolactone,BACK PAIN,2353,281054,1.8755
spironolactone,URINARY TRACT INFECTION,2310,281054,2.5401
spironolactone,CONFUSIONAL STATE,2278,281054,2.6151
spironolactone,INSOMNIA,2197,281054,1.5199
spironolactone,BLOOD CREATININE INCREASED,2052,281054,5.9174
temsirolimus,DISEASE PROGRESSION,480,8157,26.16
temsirolimus,DEATH,286,8157,2.1171
temsirolimus,DYSPNOEA,215,8157,2.4223
temsirolimus,FATIGUE,206,8157,1.6936
temsirolimus,PNEUMONIA,190,8157,3.7656
temsirolimus,DIARRHOEA,189,8157,1.8889
temsirolimus,NAUSEA,189,8157,1.5324
temsirolimus,ANAEMIA,188,8157,6.2546
temsirolimus,PYREXIA,179,8157,3.2854
temsirolimus,VOMITING,176,8157,2.4049
temsirolimus,THROMBOCYTOPENIA,163,8157,9.3561
temsirolimus,DEHYDRATION,162,8157,7.729
temsirolimus,STOMATITIS,156,8157,16.4476
temsirolimus,RASH,143,8157,2.1204
temsirolimus,PLEURAL EFFUSION,126,8157,13.14
temsirolimus,FEBRILE NEUTROPENIA,125,8157,12.1011
temsirolimus,ASTHENIA,124,8157,2.0978
temsirolimus,DECREASED APPETITE,113,8157,3.1274
temsirolimus,MUCOSAL INFLAMMATION,112,8157,27.5325
temsirolimus,INTERSTITIAL LUNG DISEASE,111,8157,14.7635
temsirolimus,NEOPLASM PROGRESSION,110,8157,19.628
temsirolimus,PNEUMONITIS,108,8157,25.8767
temsirolimus,NEUTROPENIA,106,8157,5.004
temsirolimus,BLOOD CREATININE INCREASED,102,8157,9.8753
temsirolimus,HYPERTENSION,100,8157,3.0051
temsirolimus,RENAL FAILURE,95,8157,4.4643
temsirolimus,PLATELET COUNT DECREASED,93,8157,5.5626
temsirolimus,ABDOMINAL PAIN,89,8157,2.4477
temsirolimus,HYPERGLYCAEMIA,89,8157,15.6141
temsirolimus,HYPOKALAEMIA,81,8157,11.2969
temsirolimus,CONDITION AGGRAVATED,79,8157,1.6873
temsirolimus,GENERAL PHYSICAL HEALTH DETERIORATION,76,8157,4.2762
temsirolimus,COUGH,74,8157,1.6943
temsirolimus,SEPSIS,74,8157,4.2223
temsirolimus,NEOPLASM MALIGNANT,72,8157,6.8873
temsirolimus,BACK PAIN,69,8157,1.886
temsirolimus,HYPOTENSION,69,8157,2.1934
temsirolimus,RESPIRATORY FAILURE,69,8157,6.0183
temsirolimus,OEDEMA PERIPHERAL,67,8157,3.4587
temsirolimus,RENAL FAILURE ACUTE,66,8157,9.4945
temsirolimus,MALIGNANT NEOPLASM PROGRESSION,63,8157,4.0079
temsirolimus,EPISTAXIS,62,8157,5.2647
temsirolimus,HYPONATRAEMIA,60,8157,6.7848
ticagrelor,DYSPNOEA,3952,52667,6.9376
ticagrelor,MYOCARDIAL INFARCTION,2741,52667,15.3588
ticagrelor,DEATH,1714,52667,1.9668
ticagrelor,FATIGUE,1525,52667,1.9435
ticagrelor,OFF LABEL USE,1502,52667,1.7422
ticagrelor,CHEST PAIN,1445,52667,7.696
ticagrelor,DIZZINESS,1223,52667,2.4279
ticagrelor,CONTUSION,1066,52667,11.0575
ticagrelor,DRUG INTERACTION,929,52667,5.7935
ticagrelor,ASTHENIA,909,52667,2.3848
ticagrelor,MALAISE,879,52667,1.9634
ticagrelor,HAEMORRHAGE,861,52667,8.1809
ticagrelor,CHEST DISCOMFORT,745,52667,7.2968
ticagrelor,ACUTE KIDNEY INJURY,728,52667,4.7736
ticagrelor,ACUTE MYOCARDIAL INFARCTION,702,52667,23.7103
ticagrelor,EPISTAXIS,672,52667,8.9056
ticagrelor,GASTROINTESTINAL HAEMORRHAGE,672,52667,7.8408
ticagrelor,RHABDOMYOLYSIS,663,52667,15.9707
ticagrelor,WEIGHT DECREASED,655,52667,2.3176
ticagrelor,COUGH,651,52667,2.3114
ticagrelor,FEELING ABNORMAL,597,52667,2.4284
ticagrelor,CORONARY ARTERY OCCLUSION,590,52667,43.5593
ticagrelor,PRODUCT USE ISSUE,543,52667,2.9157
ticagrelor,DRUG DOSE OMISSION,542,52667,3.0988
ticagrelor,FALL,538,52667,1.5983
ticagrelor,INTENTIONAL PRODUCT MISUSE,523,52667,5.9766
ticagrelor,PAIN IN EXTREMITY,516,52667,1.715
ticagrelor,HYPOTENSION,513,52667,2.5293
ticagrelor,ANAEMIA,512,52667,2.6405
ticagrelor,CEREBROVASCULAR ACCIDENT,505,52667,2.9124
ticagrelor,INSOMNIA,504,52667,1.8569
ticagrelor,HYPERTENSION,501,52667,2.3343
ticagrelor,BLOOD PRESSURE INCREASED,484,52667,3.1182
ticagrelor,ANGINA PECTORIS,482,52667,16.5606
ticagrelor,ANXIETY,441,52667,1.5175
ticagrelor,HAEMOGLOBIN DECREASED,413,52667,3.9451
ticagrelor,CARDIAC ARREST,382,52667,4.55
ticagrelor,GAIT DISTURBANCE,368,52667,1.8814
ticagrelor,BACK PAIN,366,52667,1.5501
vitamin c,DIZZINESS,11,354,3.2441
vitamin c,HEADACHE,10,354,2.3437
vitamin c,DIARRHOEA,9,354,2.0723
vitamin c,FATIGUE,9,354,1.7047
vitamin c,SINUSITIS,9,354,12.8278
vitamin c,DYSPNOEA,8,354,2.0764
vitamin c,COUGH,7,354,3.6926
vitamin c,COVID-19,7,354,5.7323
vitamin c,PNEUMONIA,7,354,3.1954
vitamin c,PRURITUS,7,354,2.7887
vitamin c,INFLUENZA,6,354,8.0363
vitamin c,INFUSION SITE PAIN,6,354,69.737
vitamin c,MALAISE,6,354,1.9919
vitamin c,PRODUCT DOSE OMISSION ISSUE,6,354,3.3562
vitamin c,VOMITING,6,354,1.8887
vitamin c,WEIGHT DECREASED,6,354,3.1542
vitamin c,ARTHRITIS,5,354,9.2888
vitamin c,HYPERSENSITIVITY,5,354,3.9588
vitamin c,ILLNESS,5,354,7.7587
vitamin e,FATIGUE,2740,74974,2.4559
vitamin e,NAUSEA,2414,74974,2.1329
vitamin e,DIARRHOEA,2224,74974,2.4231
vitamin e,HEADACHE,2032,74974,2.2529
vitamin e,PAIN,1893,74974,2.1243
vitamin e,DIZZINESS,1790,74974,2.4981
vitamin e,DYSPNOEA,1696,74974,2.0818
vitamin e,ARTHRALGIA,1618,74974,2.7279
vitamin e,ASTHENIA,1513,74974,2.7918
vitamin e,FALL,1447,74974,3.027
vitamin e,WEIGHT DECREASED,1390,74974,3.463
vitamin e,PAIN IN EXTREMITY,1230,74974,2.8777
vitamin e,VOMITING,1193,74974,1.7752
vitamin e,BACK PAIN,1129,74974,3.3689
vitamin e,COUGH,1083,74974,2.7043
vitamin e,PRURITUS,1082,74974,2.0384
vitamin e,CONSTIPATION,1065,74974,3.471
vitamin e,INSOMNIA,1061,74974,2.7508
vitamin e,MALAISE,1052,74974,1.6506
vitamin e,RASH,997,74974,1.6096
vitamin e,ANXIETY,899,74974,2.1757
vitamin e,DEPRESSION,899,74974,2.7077
vitamin e,PNEUMONIA,872,74974,1.8819
vitamin e,MUSCLE SPASMS,814,74974,3.0823
vitamin e,GAIT DISTURBANCE,796,74974,2.864
vitamin e,PYREXIA,794,74974,1.5863
vitamin e,ABDOMINAL PAIN,782,74974,2.3441
vitamin e,ABDOMINAL PAIN UPPER,777,74974,2.6435
vitamin e,FEELING ABNORMAL,777,74974,2.221
vitamin e,WEIGHT INCREASED,774,74974,2.4293
vitamin e,HYPERTENSION,738,74974,2.4172
vitamin e,DECREASED APPETITE,735,74974,2.2164
vitamin e,CHEST PAIN,727,74974,2.7077
vitamin e,CONDITION AGGRAVATED,700,74974,1.6279
vitamin e,SOMNOLENCE,696,74974,2.4033
vitamin e,URINARY TRACT INFECTION,694,74974,2.8439
vitamin e,ANAEMIA,677,74974,2.4537
vitamin e,MYALGIA,653,74974,2.6658
vitamin e,ALOPECIA,649,74974,2.2814
vitamin e,NASOPHARYNGITIS,630,74974,2.3807
vitamin e,OEDEMA PERIPHERAL,609,74974,3.4315
vitamin e,BLOOD PRESSURE INCREASED,597,74974,2.7028
vitamin e,PERIPHERAL SWELLING,596,74974,2.7188
vitamin e,HYPOAESTHESIA,591,74974,2.7274
vitamin e,PARAESTHESIA,589,74974,2.5795
vitamin e,TREMOR,582,74974,2.4212
vitamin e,SINUSITIS,561,74974,3.791
warfarin,INTERNATIONAL NORMALISED RATIO INCREASED,10374,239330,120.5286
warfarin,DYSPNOEA,8468,239330,3.2866
warfarin,DRUG INTERACTION,6313,239330,8.9494
warfarin,FATIGUE,6208,239330,1.7455
warfarin,NAUSEA,5975,239330,1.6562
warfarin,DIARRHOEA,5962,239330,2.0407
warfarin,DIZZINESS,5218,239330,2.2903
warfarin,FALL,4853,239330,3.2042
warfarin,HEADACHE,4691,239330,1.6311
warfarin,ASTHENIA,4403,239330,2.5573
warfarin,PNEUMONIA,4120,239330,2.8059
warfarin,HAEMORRHAGE,4052,239330,8.7207
warfarin,ANAEMIA,3941,239330,4.5409
warfarin,VOMITING,3667,239330,1.7132
warfarin,MALAISE,3613,239330,1.7808
warfarin,HYPOTENSION,3595,239330,3.9495
warfarin,ATRIAL FIBRILLATION,3557,239330,8.1868
warfarin,GASTROINTESTINAL HAEMORRHAGE,3247,239330,8.5788
warfarin,PAIN IN EXTREMITY,2980,239330,2.1904
warfarin,HAEMOGLOBIN DECREASED,2869,239330,6.1614
warfarin,WEIGHT DECREASED,2839,239330,2.2205
warfarin,COUGH,2746,239330,2.1544
warfarin,ACUTE KIDNEY INJURY,2589,239330,3.7705
warfarin,CONDITION AGGRAVATED,2571,239330,1.8792
warfarin,PYREXIA,2547,239330,1.5973
warfarin,OEDEMA PERIPHERAL,2538,239330,4.5395
warfarin,CHEST PAIN,2371,239330,2.783
warfarin,CONTUSION,2297,239330,5.2952
warfarin,EPISTAXIS,2248,239330,6.679
warfarin,DECREASED APPETITE,2238,239330,2.1217
warfarin,CEREBROVASCULAR ACCIDENT,2177,239330,2.7809
warfarin,RENAL FAILURE,2166,239330,3.509
warfarin,ABDOMINAL PAIN,2139,239330,2.0143
warfarin,CARDIAC FAILURE CONGESTIVE,2085,239330,5.5936
warfarin,CARDIAC FAILURE,2033,239330,5.6078
warfarin,PULMONARY EMBOLISM,2023,239330,4.6462
warfarin,BACK PAIN,2014,239330,1.8839
warfarin,CONFUSIONAL STATE,2002,239330,2.6964
warfarin,CONSTIPATION,1979,239330,2.0229
warfarin,THROMBOSIS,1930,239330,5.27
warfarin,DEEP VEIN THROMBOSIS,1895,239330,6.3924
warfarin,PERIPHERAL SWELLING,1871,239330,2.6885
warfarin,SOMNOLENCE,1842,239330,1.9978
mycophenolate mofetil,OFF LABEL USE,18025,257521,4.3465
mycophenolate mofetil,DRUG INEFFECTIVE,10629,257521,1.6347
mycophenolate mofetil,PRODUCT USE IN UNAPPROVED INDICATION,7073,257521,6.1501
mycophenolate mofetil,DIARRHOEA,6625,257521,2.109
mycophenolate mofetil,PYREXIA,5450,257521,3.2034
mycophenolate mofetil,PNEUMONIA,5041,257521,3.1992
mycophenolate mofetil,CYTOMEGALOVIRUS INFECTION,4736,257521,81.4226
mycophenolate mofetil,CONDITION AGGRAVATED,4198,257521,2.8671
mycophenolate mofetil,VOMITING,3890,257521,1.6893
mycophenolate mofetil,ACUTE KIDNEY INJURY,3636,257521,4.956
mycophenolate mofetil,INFECTION,3570,257521,5.1335
mycophenolate mofetil,COVID-19,3399,257521,3.8832
mycophenolate mofetil,SEPSIS,3262,257521,6.0462
mycophenolate mofetil,DRUG INTERACTION,3220,257521,4.1527
mycophenolate mofetil,HYPERTENSION,3158,257521,3.0367
mycophenolate mofetil,INTENTIONAL PRODUCT USE ISSUE,2806,257521,6.6642
mycophenolate mofetil,TREATMENT FAILURE,2711,257521,6.9385
mycophenolate mofetil,RENAL IMPAIRMENT,2610,257521,6.5011
mycophenolate mofetil,ANAEMIA,2609,257521,2.7722
mycophenolate mofetil,WEIGHT DECREASED,2591,257521,1.8809
mycophenolate mofetil,DRUG INTOLERANCE,2492,257521,5.3748
mycophenolate mofetil,NEUTROPENIA,2425,257521,3.6739
mycophenolate mofetil,RESPIRATORY FAILURE,2311,257521,6.5631
mycophenolate mofetil,WEIGHT INCREASED,2298,257521,2.1073
mycophenolate mofetil,LEUKOPENIA,2283,257521,9.6673
mycophenolate mofetil,URINARY TRACT INFECTION,2266,257521,2.7199
mycophenolate mofetil,COUGH,2229,257521,1.6215
mycophenolate mofetil,DECREASED APPETITE,2212,257521,1.9479
mycophenolate mofetil,BLOOD CREATININE INCREASED,2186,257521,6.8983
mycophenolate mofetil,SEPTIC SHOCK,2182,257521,10.7768
mycophenolate mofetil,ABDOMINAL PAIN,2181,257521,1.9084
mycophenolate mofetil,SYSTEMIC LUPUS ERYTHEMATOSUS,2137,257521,13.0955
mycophenolate mofetil,ALOPECIA,2119,257521,2.1776
mycophenolate mofetil,DRUG INEFFECTIVE FOR UNAPPROVED INDICATION,2117,257521,7.8609
mycophenolate mofetil,TOXICITY TO VARIOUS AGENTS,2083,257521,2.5538
mycophenolate mofetil,RHEUMATOID ARTHRITIS,1980,257521,3.5808
olmesartan medoxomil,DIARRHOEA,2990,91213,2.6802
olmesartan medoxomil,WEIGHT DECREASED,2701,91213,5.5567
olmesartan medoxomil,DIZZINESS,2563,91213,2.9439
olmesartan medoxomil,GASTROOESOPHAGEAL REFLUX DISEASE,2542,91213,18.7808
olmesartan medoxomil,NAUSEA,2467,91213,1.7912
olmesartan medoxomil,ACUTE KIDNEY INJURY,2358,91213,9.0229
olmesartan medoxomil,HEADACHE,1729,91213,1.5743
olmesartan medoxomil,HAEMORRHOIDS,1621,91213,51.3808
olmesartan medoxomil,CONSTIPATION,1577,91213,4.2339
olmesartan medoxomil,HYPOTENSION,1562,91213,4.4678
olmesartan medoxomil,DYSPNOEA,1560,91213,1.573
olmesartan medoxomil,VOMITING,1449,91213,1.7727
olmesartan medoxomil,ASTHENIA,1335,91213,2.0231
olmesartan medoxomil,BLOOD PRESSURE INCREASED,1300,91213,4.8594
olmesartan medoxomil,HYPERTENSION,1246,91213,3.3619
olmesartan medoxomil,CHRONIC KIDNEY DISEASE,1202,91213,8.9132
olmesartan medoxomil,HIATUS HERNIA,1142,91213,54.6404
olmesartan medoxomil,RENAL FAILURE,1130,91213,4.7789
olmesartan medoxomil,PRURITUS,1128,91213,1.7464
olmesartan medoxomil,ARTHRALGIA,1116,91213,1.5441
olmesartan medoxomil,FALL,1055,91213,1.8112
olmesartan medoxomil,DIVERTICULITIS,1048,91213,22.5543
olmesartan medoxomil,PAIN IN EXTREMITY,989,91213,1.8997
olmesartan medoxomil,COUGH,988,91213,2.0265
olmesartan medoxomil,DEHYDRATION,950,91213,4.0716
olmesartan medoxomil,ANXIETY,940,91213,1.8696
olmesartan medoxomil,SYNCOPE,873,91213,4.9896
olmesartan medoxomil,ABDOMINAL PAIN,842,91213,2.0745
olmesartan medoxomil,INSOMNIA,829,91213,1.7645
olmesartan medoxomil,DEPRESSION,807,91213,1.9964
olmesartan medoxomil,IRRITABLE BOWEL SYNDROME,789,91213,22.0003
olmesartan medoxomil,DECREASED APPETITE,776,91213,1.9232
olmesartan medoxomil,BACK PAIN,773,91213,1.8923
olmesartan medoxomil,ANAEMIA,761,91213,2.2674
olmesartan medoxomil,FLUSHING,739,91213,4.1132
olmesartan medoxomil,FEELING ABNORMAL,730,91213,1.7142
olmesartan medoxomil,MUSCLE SPASMS,720,91213,2.239
prednisone,DRUG INEFFECTIVE,64647,1354158,1.9324
prednisone,OFF LABEL USE,53165,1354158,2.4939
prednisone,FATIGUE,39614,1354158,2.0157
prednisone,PAIN,36929,1354158,2.3763
prednisone,DYSPNOEA,33819,1354158,2.3808
prednisone,ARTHRALGIA,32405,1354158,3.1973
prednisone,CONDITION AGGRAVATED,27783,1354158,3.8511
prednisone,DIARRHOEA,27475,1354158,1.6846
prednisone,HEADACHE,25776,1354158,1.6053
prednisone,RHEUMATOID ARTHRITIS,24413,1354158,10.4058
prednisone,PNEUMONIA,24099,1354158,3.0349
prednisone,RASH,22252,1354158,2.0436
prednisone,PYREXIA,21128,1354158,2.4256
prednisone,MALAISE,20286,1354158,1.7988
prednisone,COUGH,18698,1354158,2.6975
prednisone,VOMITING,18454,1354158,1.5409
prednisone,ASTHENIA,17719,1354158,1.8469
prednisone,JOINT SWELLING,17604,1354158,6.4499
prednisone,ASTHMA,17257,1354158,6.9789
prednisone,WEIGHT INCREASED,16991,1354158,3.1158
prednisone,PAIN IN EXTREMITY,16747,1354158,2.2359
prednisone,WEIGHT DECREASED,16561,1354158,2.3601
prednisone,NASOPHARYNGITIS,14599,1354158,3.2333
prednisone,PRURITUS,14565,1354158,1.5391
prednisone,ABDOMINAL DISCOMFORT,14429,1354158,3.5602
prednisone,PERIPHERAL SWELLING,14334,1354158,3.8954
prednisone,ALOPECIA,13963,1354158,2.8487
prednisone,HYPERTENSION,13735,1354158,2.5932
prednisone,DRUG INTOLERANCE,13366,1354158,6.1056
prednisone,INFECTION,13340,1354158,3.8483
prednisone,ABDOMINAL PAIN,13164,1354158,2.2547
prednisone,HYPERSENSITIVITY,12617,1354158,2.7347
prednisone,SWELLING,12600,1354158,5.8779
prednisone,PRODUCT USE IN UNAPPROVED INDICATION,12499,1354158,2.0718
prednisone,DRUG HYPERSENSITIVITY,12312,1354158,2.509
prednisone,WHEEZING,11848,1354158,9.5808
prednisone,INFUSION RELATED REACTION,11573,1354158,8.0863
prednisone,SINUSITIS,11460,1354158,4.6994
prednisone,ARTHROPATHY,11354,1354158,9.5777
prednisone,INTENTIONAL PRODUCT USE ISSUE,11268,1354158,5.5574
prednisone,SYSTEMIC LUPUS ERYTHEMATOSUS,11036,1354158,17.555
prednisone,BACK PAIN,10978,1354158,1.8489
prednisone,INSOMNIA,10896,1354158,1.5847
prednisone,TREATMENT FAILURE,10697,1354158,5.6967
prednisone,PRODUCT USE ISSUE,10399,1354158,2.2405
prednisone,THERAPEUTIC PRODUCT EFFECT INCOMPLETE,10324,1354158,6.4846
pregabalin,DRUG INEFFECTIVE,26491,592188,1.7823
pregabalin,PAIN,25903,592188,3.7962
pregabalin,FATIGUE,15111,592188,1.7258
pregabalin,DIZZINESS,14524,592188,2.6095
pregabalin,NAUSEA,14055,592188,1.5804
pregabalin,HEADACHE,12682,592188,1.7935
pregabalin,MALAISE,12591,592188,2.5446
pregabalin,SOMNOLENCE,11567,592188,5.3044
pregabalin,WEIGHT INCREASED,11412,592188,4.7255
pregabalin,PAIN IN EXTREMITY,11191,592188,3.3998
pregabalin,FALL,10783,592188,2.9119
pregabalin,DYSPNOEA,10094,592188,1.5768
pregabalin,INSOMNIA,9547,592188,3.2075
pregabalin,ARTHRALGIA,9268,592188,1.9965
pregabalin,VOMITING,8828,592188,1.6745
pregabalin,FEELING ABNORMAL,8820,592188,3.2721
pregabalin,CONDITION AGGRAVATED,8485,592188,2.5417
pregabalin,GAIT DISTURBANCE,7902,592188,3.705
pregabalin,ASTHENIA,7892,592188,1.8575
pregabalin,DRUG HYPERSENSITIVITY,7355,592188,3.3856
pregabalin,ANXIETY,7249,592188,2.2501
pregabalin,PNEUMONIA,7009,592188,1.9338
pregabalin,CONFUSIONAL STATE,6848,592188,3.8214
pregabalin,PYREXIA,6809,592188,1.7359
pregabalin,DEPRESSION,6590,592188,2.5528
pregabalin,BACK PAIN,6302,592188,2.4122
pregabalin,HYPOAESTHESIA,6240,592188,3.7556
pregabalin,WEIGHT DECREASED,6141,592188,1.9517
pregabalin,MEMORY IMPAIRMENT,5595,592188,3.666
pregabalin,VISION BLURRED,5483,592188,3.6513
pregabalin,HYPERTENSION,5442,592188,2.2864
pregabalin,PERIPHERAL SWELLING,5424,592188,3.2065
pregabalin,OEDEMA PERIPHERAL,5280,592188,3.8815
pregabalin,TREMOR,5186,592188,2.7834
pregabalin,CONSTIPATION,5043,592188,2.1003
pregabalin,TOXICITY TO VARIOUS AGENTS,4915,592188,2.6506
pregabalin,JOINT SWELLING,4865,592188,3.6621
pregabalin,DRUG INTERACTION,4851,592188,2.7321
pregabalin,PARAESTHESIA,4767,592188,2.6898
pregabalin,DECREASED APPETITE,4719,592188,1.8158
pregabalin,MUSCLE SPASMS,4578,592188,2.2196
pregabalin,INTENTIONAL PRODUCT MISUSE,4529,592188,4.785
pregabalin,RHEUMATOID ARTHRITIS,4524,592188,3.6205
pregabalin,WITHDRAWAL SYNDROME,4437,592188,10.1237
sirolimus,OFF LABEL USE,1893,21094,5.4883
sirolimus,DRUG INEFFECTIVE,1052,21094,1.9695
sirolimus,PRODUCT USE IN UNAPPROVED INDICATION,762,21094,7.9019
sirolimus,PYREXIA,500,21094,3.5513
sirolimus,DIARRHOEA,493,21094,1.9058
sirolimus,PNEUMONIA,464,21094,3.5583
sirolimus,ACUTE KIDNEY INJURY,423,21094,6.915
sirolimus,DRUG INTERACTION,416,21094,6.4596
sirolimus,THROMBOTIC MICROANGIOPATHY,364,21094,98.1511
sirolimus,CYTOMEGALOVIRUS INFECTION,334,21094,50.5434
sirolimus,TOXICITY TO VARIOUS AGENTS,300,21094,4.4609
sirolimus,CONDITION AGGRAVATED,293,21094,2.4211
sirolimus,SEPSIS,292,21094,6.4543
sirolimus,INFECTION,289,21094,4.9755
sirolimus,DRUG INEFFECTIVE FOR UNAPPROVED INDICATION,268,21094,11.7861
sirolimus,RENAL IMPAIRMENT,255,21094,7.5606
sirolimus,DISEASE PROGRESSION,246,21094,5.1723
sirolimus,THROMBOCYTOPENIA,244,21094,5.4186
sirolimus,NEUTROPENIA,240,21094,4.3846
sirolimus,BLOOD CREATININE INCREASED,236,21094,8.8521
sirolimus,RESPIRATORY FAILURE,233,21094,7.8752
sirolimus,ANAEMIA,217,21094,2.7915
sirolimus,PRODUCT USE ISSUE,211,21094,2.8253
sirolimus,MULTIPLE ORGAN DYSFUNCTION SYNDROME,205,21094,18.8909
sirolimus,COVID-19,202,21094,2.778
sirolimus,SEPTIC SHOCK,196,21094,11.2981
sirolimus,MOUTH ULCERATION,192,21094,22.8044
sirolimus,RENAL FAILURE,183,21094,3.3268
sirolimus,HYPERTENSION,178,21094,2.0687
sirolimus,PLEURAL EFFUSION,174,21094,7.0208
sirolimus,STOMATITIS,172,21094,7.0127
sirolimus,URINARY TRACT INFECTION,165,21094,2.398
sirolimus,ABDOMINAL PAIN,152,21094,1.6166
sirolimus,LEUKOPENIA,152,21094,7.5413
tacrolimus,OFF LABEL USE,14233,222796,3.9511
tacrolimus,DRUG INEFFECTIVE,9835,222796,1.7484
tacrolimus,DRUG INTERACTION,6225,222796,9.477
tacrolimus,PRODUCT USE IN UNAPPROVED INDICATION,6121,222796,6.1298
tacrolimus,ACUTE KIDNEY INJURY,5793,222796,9.275
tacrolimus,DIARRHOEA,5758,222796,2.1171
tacrolimus,PYREXIA,4749,222796,3.2218
tacrolimus,CYTOMEGALOVIRUS INFECTION,4485,222796,87.2301
tacrolimus,PNEUMONIA,4361,222796,3.194
tacrolimus,COVID-19,3870,222796,5.1283
tacrolimus,TOXICITY TO VARIOUS AGENTS,3748,222796,5.372
tacrolimus,RENAL IMPAIRMENT,3585,222796,10.4608
tacrolimus,SEPSIS,3389,222796,7.2747
tacrolimus,CONDITION AGGRAVATED,2956,222796,2.3249
tacrolimus,ANAEMIA,2896,222796,3.5649
tacrolimus,BLOOD CREATININE INCREASED,2885,222796,10.6527
tacrolimus,RENAL FAILURE,2868,222796,5.0203
tacrolimus,THROMBOTIC MICROANGIOPATHY,2787,222796,98.0133
tacrolimus,RESPIRATORY FAILURE,2698,222796,8.9136
tacrolimus,URINARY TRACT INFECTION,2424,222796,3.3688
tacrolimus,SEPTIC SHOCK,2398,222796,13.7756
tacrolimus,NEUTROPENIA,2307,222796,4.0389
tacrolimus,HYPERTENSION,2294,222796,2.5405
tacrolimus,INFECTION,2229,222796,3.6706
tacrolimus,MULTIPLE ORGAN DYSFUNCTION SYNDROME,2181,222796,20.5369
tacrolimus,LEUKOPENIA,2178,222796,10.643
tacrolimus,THROMBOCYTOPENIA,2050,222796,4.367
tacrolimus,PANCYTOPENIA,1977,222796,8.5817
tacrolimus,ABDOMINAL PAIN,1895,222796,1.9155
tacrolimus,DRUG LEVEL INCREASED,1808,222796,28.4132
tacrolimus,TREMOR,1678,222796,2.3583
